,district,proportion_with_points
1,AB01,0.0226086956521739
2,AB02,0.028
3,AB03,0.0471698113207547
4,AB04,0.025974025974026
5,AB05,0.0447761194029851
6,AB10,0.0664524343660947
7,AB11,0.0731455334389421
8,AB12,0.0799043274128538
9,AB13,0.0593451568894952
10,AB14,0.0549372484016102
11,AB15,0.0641555285540705
12,AB16,0.0709301741880428
13,AB21,0.0817839927962286
14,AB22,0.0654992548435171
15,AB23,0.0845099035043169
16,AB24,0.0687616387337058
17,AB25,0.0618265777321703
18,AB30,0.102622950819672
19,AB31,0.0613646433318564
20,AB32,0.063402489626556
21,AB33,0.0658505698607007
22,AB34,0.0538985939497231
23,AB35,0.0416082281439925
24,AB36,0.0560165975103734
25,AB37,0.0603290676416819
26,AB38,0.0664051555057439
27,AB39,0.0850701539299823
28,AB41,0.0783877073822514
29,AB42,0.0813166992334285
30,AB43,0.0779155495978552
31,AB44,0.0630238015420717
32,AB45,0.0662944870900209
33,AB51,0.0768620142196452
34,AB52,0.0862944162436548
35,AB53,0.0706554419723392
36,AB54,0.0669608383894098
37,AB55,0.0682203389830508
38,AB56,0.0688438574271757
39,AL01,0.0551776767643253
40,AL02,0.0701823171927073
41,AL03,0.0642681041327149
42,AL04,0.0566167317680388
43,AL05,0.0552035512387601
44,AL06,0.0619626168224299
45,AL07,0.0496809648508096
46,AL08,0.0432104357278739
47,AL09,0.0693777560019598
48,AL10,0.0511060259344012
49,B01,0.0410869565217391
50,B02,0.0171821305841924
51,B03,0.0487616099071207
52,B04,0.015748031496063
53,B05,0.0471684790283858
54,B06,0.0404207736271018
55,B07,0.0468247588424437
56,B08,0.0445239914732735
57,B09,0.039058209774849
58,B10,0.0390600190536678
59,B11,0.0418326693227092
60,B12,0.0385617071326556
61,B13,0.0498447925214971
62,B14,0.047462589459987
63,B15,0.0467345715997603
64,B16,0.043461237274863
65,B17,0.0485396311197032
66,B18,0.0476998303562519
67,B19,0.0417672621921777
68,B20,0.0579133330625838
69,B21,0.0433851644149885
70,B23,0.0492547201059954
71,B24,0.0522505663350734
72,B25,0.0489895344640924
73,B26,0.04997142157263
74,B27,0.051953944756395
75,B28,0.0602374260665296
76,B29,0.0463671941466735
77,B30,0.0456541239790378
78,B31,0.0517611791156633
79,B32,0.0518663756427805
80,B33,0.0503714518830249
81,B34,0.0601060255357276
82,B35,0.0536082474226804
83,B36,0.0599560372925036
84,B37,0.0527258257063271
85,B38,0.0532837670384139
86,B42,0.063335038944795
87,B43,0.0603470943991586
88,B44,0.0551762028098265
89,B45,0.0598967010996335
90,B46,0.0691683001960235
91,B47,0.0610423607805807
92,B48,0.071113782051282
93,B49,0.0755807365439093
94,B50,0.0752535496957404
95,B60,0.0728766875874836
96,B61,0.0638127224422277
97,B62,0.056653559602649
98,B63,0.0473757208555369
99,B64,0.0543468987287774
100,B65,0.0456680739727657
101,B66,0.0443412162162162
102,B67,0.0395545872670056
103,B68,0.0477622347147775
104,B69,0.0464575499703147
105,B70,0.0479897621840674
106,B71,0.0519289940828402
107,B72,0.0491442542787286
108,B73,0.0510899182561308
109,B74,0.0643337127749422
110,B75,0.0517982977944541
111,B76,0.048036093418259
112,B77,0.0539086037579632
113,B78,0.054134011522292
114,B79,0.0556169643376578
115,B80,0.0650684931506849
116,B90,0.0563633520950594
117,B91,0.0547531647740917
118,B92,0.0529989313384985
119,B93,0.0558672414811315
120,B94,0.0735119047619048
121,B95,0.0755369493993447
122,B96,0.0857142857142857
123,B97,0.0668773454473632
124,B98,0.053312046899945
125,BA01,0.0625376589604541
126,BA02,0.0622705820660724
127,BA03,0.0670225589805407
128,BA04,0.0820502566153436
129,BA05,0.0772341553964466
130,BA06,0.0815528921313184
131,BA07,0.0897140979296747
132,BA08,0.0954044611663531
133,BA09,0.105627445079747
134,BA10,0.0919343814080656
135,BA11,0.0774927070087516
136,BA12,0.0580733601960703
137,BA13,0.0572075379344102
138,BA14,0.0577983507866646
139,BA15,0.0618757182003005
140,BA16,0.0672628304821151
141,BA20,0.0817595838516341
142,BA21,0.0785637973137973
143,BA22,0.0906233279828785
144,BB01,0.0671622212505466
145,BB02,0.0630794662322417
146,BB03,0.0591951980413063
147,BB04,0.0794005883795048
148,BB05,0.0607593782761293
149,BB06,0.0697473920165532
150,BB07,0.0718830928597854
151,BB08,0.0730185979971388
152,BB09,0.0660964230171073
153,BB10,0.0577487525682419
154,BB11,0.0654683891905386
155,BB12,0.0697135476027657
156,BB18,0.0773071104387292
157,BD01,0.06
158,BD02,0.0809155230542761
159,BD03,0.0664794999470283
160,BD04,0.0803942707531187
161,BD05,0.0701575699478761
162,BD06,0.0804968465649222
163,BD07,0.070797305689581
164,BD08,0.0749361182090879
165,BD09,0.0931203384170099
166,BD10,0.0841439180002092
167,BD11,0.0817792192748755
168,BD12,0.0888046140475626
169,BD13,0.0982023473480909
170,BD14,0.0884577441631042
171,BD15,0.0874011687865246
172,BD16,0.0749204795693663
173,BD17,0.0706265594677017
174,BD18,0.071170892599464
175,BD19,0.0759101471727343
176,BD20,0.0658212144186367
177,BD21,0.0679879732466098
178,BD22,0.0751565762004175
179,BD23,0.0660123798664278
180,BD24,0.0625856555504797
181,BH01,0.0662972359460542
182,BH02,0.0681680773881499
183,BH03,0.0712256936858204
184,BH04,0.0742908026968579
185,BH05,0.0769513991163476
186,BH06,0.0792121147940273
187,BH07,0.0795490464650722
188,BH08,0.077705698417884
189,BH09,0.0688586980572642
190,BH10,0.074979726779365
191,BH11,0.0711181102362205
192,BH12,0.0720861119164975
193,BH13,0.097300418651653
194,BH14,0.084802644760569
195,BH15,0.0758283132530121
196,BH16,0.0847939729397294
197,BH17,0.0642191840514189
198,BH18,0.065336275544469
199,BH19,0.0591950331834725
200,BH20,0.0718826678563462
201,BH21,0.0764065233338976
202,BH22,0.0787589498806683
203,BH23,0.0823290029738613
204,BH24,0.082059880239521
205,BH25,0.0795986938620983
206,BH31,0.0816666666666667
207,BL00,0.0630731536576829
208,BL01,0.0580484174583023
209,BL02,0.0528791040827724
210,BL03,0.0438073290858976
211,BL04,0.0428589650920532
212,BL05,0.0454399116957182
213,BL06,0.0517177838745342
214,BL07,0.0695203400121433
215,BL08,0.052299893824708
216,BL09,0.0483413626978665
217,BN01,0.0420742506248241
218,BN02,0.0480886460792938
219,BN03,0.0521580137612472
220,BN04,0.0789473684210526
221,BN05,0.0602798708288482
222,BN06,0.0411058807929457
223,BN07,0.0384827501685152
224,BN08,0.0426784935291552
225,BN09,0.0406456631660832
226,BN10,0.0519650941539269
227,BN11,0.0505971858638743
228,BN12,0.0403615134164141
229,BN13,0.0456166289789529
230,BN14,0.0468581040490208
231,BN15,0.0469728124286041
232,BN16,0.0464206051933841
233,BN17,0.0484876765791371
234,BN18,0.0559727558505065
235,BN20,0.0382978723404255
236,BN21,0.0362429255550718
237,BN22,0.0356132266149244
238,BN23,0.0377460474753389
239,BN24,0.0422284406003561
240,BN25,0.0347511956853567
241,BN26,0.0387689848121503
242,BN27,0.0404580790771546
243,BN41,0.052199340508928
244,BN42,0.0557409467309356
245,BN43,0.0508565024814558
246,BN44,0.0503629764065336
247,BN45,0.0775193798449612
248,BR00,0.5
249,BR01,0.0442774141990108
250,BR02,0.0403004588919937
251,BR03,0.0349175797058533
252,BR04,0.0351478010093727
253,BR05,0.0444661883018047
254,BR06,0.0372989216899417
255,BR07,0.0449082450245541
256,BR08,0.0508882208253621
257,BS01,0.055675442382391
258,BS02,0.0535697792555648
259,BS03,0.0713797199524855
260,BS04,0.0790669494092699
261,BS05,0.0668294171498322
262,BS06,0.0608358681611734
263,BS07,0.0678050397877984
264,BS08,0.0719874804381847
265,BS09,0.0722307104660046
266,BS10,0.0750591575958353
267,BS11,0.0903400950154589
268,BS12,0.0353982300884956
269,BS13,0.0855569673867005
270,BS14,0.0784287966368891
271,BS15,0.0698301644947661
272,BS16,0.0740310664579862
273,BS17,0.0338983050847458
274,BS18,0.0562770562770563
275,BS19,0.0359712230215827
276,BS20,0.0867626886145405
277,BS21,0.0672238744744129
278,BS22,0.0860521488469602
279,BS23,0.0824066487182489
280,BS24,0.0900827409392845
281,BS25,0.0989231611607958
282,BS26,0.116114285714286
283,BS27,0.0968948138514063
284,BS28,0.115423218467715
285,BS29,0.10936170212766
286,BS30,0.0724174653887114
287,BS31,0.0663244232017466
288,BS32,0.0816877035830619
289,BS34,0.0769811920951131
290,BS35,0.0808038517898263
291,BS36,0.0787104269532385
292,BS37,0.0771618486235656
293,BS38,1
294,BS39,0.0715400044573211
295,BS40,0.102896141394698
296,BS41,0.0919540229885057
297,BS48,0.0690575731627462
298,BS49,0.0701188797098529
299,CA01,0.0559368357121166
300,CA02,0.0573687994248742
301,CA03,0.0544686323137687
302,CA04,0.0723546116804544
303,CA05,0.06377426194748
304,CA06,0.0866504543709203
305,CA07,0.0621121393576483
306,CA08,0.0808080808080808
307,CA09,0.060488346281909
308,CA10,0.0623554674595309
309,CA11,0.0527445746779622
310,CA12,0.0419384902143523
311,CA13,0.0431700517722023
312,CA14,0.0502763685924131
313,CA15,0.0512648121690898
314,CA16,0.0557923285548237
315,CA17,0.0665853658536585
316,CA18,0.0476190476190476
317,CA19,0.0371549893842887
318,CA20,0.0394356005788712
319,CA21,0.0502283105022831
320,CA22,0.0544843704352907
321,CA23,0.0596252129471891
322,CA24,0.0570388349514563
323,CA25,0.0666509099503663
324,CA26,0.0669249735822473
325,CA27,0.0711638250555967
326,CA28,0.045432552738533
327,CB01,0.0335403067452104
328,CB02,0.0330708661417323
329,CB03,0.0315870078488929
330,CB04,0.0380834409509
331,CB05,0.0392207126377852
332,CB06,0.0387828162291169
333,CB07,0.0442141785446362
334,CB08,0.0578546976036516
335,CB09,0.0497847037112979
336,CB10,0.0461433679550485
337,CB11,0.0453682487725041
338,CB21,0.0498596185497144
339,CB22,0.0454342415927509
340,CB23,0.057660626029654
341,CB24,0.0504746257758306
342,CB25,0.0506464556397682
343,CF01,0.00934579439252336
344,CF02,0.0277777777777778
345,CF03,0.0934358941210691
346,CF04,0.0315315315315315
347,CF05,0.0746577922893382
348,CF06,0.00478468899521531
349,CF07,0.04
350,CF08,0.017353579175705
351,CF10,0.0754850922858495
352,CF11,0.075891944909886
353,CF14,0.0660882699028785
354,CF15,0.0735186296074118
355,CF23,0.0720394829084995
356,CF24,0.0618660904116273
357,CF31,0.0871463499825358
358,CF32,0.0877061798988344
359,CF33,0.0796580885696099
360,CF34,0.0765395688505021
361,CF35,0.0837761117985297
362,CF36,0.086340900346287
363,CF37,0.0701373825018077
364,CF38,0.0734049479166667
365,CF39,0.075711010293185
366,CF40,0.074940779556385
367,CF41,0.070267365309687
368,CF42,0.0715766503000546
369,CF43,0.077175697865353
370,CF44,0.063589244095036
371,CF45,0.0658389766741911
372,CF46,0.0682900530146464
373,CF47,0.0622755302568273
374,CF48,0.071631903110605
375,CF61,0.0574250182882224
376,CF62,0.0616658852945773
377,CF63,0.0628447596532703
378,CF64,0.0672424845642565
379,CF71,0.0870110330992979
380,CF72,0.0773097175682145
381,CF81,0.060663592803544
382,CF82,0.0649114537741566
383,CF83,0.0646029609690444
384,CH01,0.0606713168859136
385,CH02,0.0554100269227971
386,CH03,0.0616917824752578
387,CH04,0.0691392112234618
388,CH05,0.0775155433202388
389,CH06,0.0750060684521401
390,CH07,0.0766243024656457
391,CH08,0.0860077802090931
392,CH41,0.0585082626172398
393,CH42,0.0541158165994068
394,CH43,0.061124179335042
395,CH44,0.0518182281838119
396,CH45,0.0608978419696778
397,CH46,0.0624336940377679
398,CH47,0.0635850934424417
399,CH48,0.0636730814920409
400,CH49,0.0520591905865573
401,CH60,0.0587558623130696
402,CH61,0.0499163413273843
403,CH62,0.0528887481337375
404,CH63,0.0468899124444998
405,CH64,0.0530195106844224
406,CH65,0.0541926964294784
407,CH66,0.0571672658669419
408,CM00,0.0601015801354402
409,CM01,0.0507234917371709
410,CM02,0.0530605455755156
411,CM03,0.0612240553485897
412,CM04,0.0744657889056767
413,CM05,0.0936063518595905
414,CM06,0.0710253380596035
415,CM07,0.0503896905625434
416,CM08,0.0488417958931126
417,CM09,0.0609777589792394
418,CM11,0.0644511581067472
419,CM12,0.0539347738866281
420,CM13,0.0699071033123768
421,CM14,0.0760946327683616
422,CM15,0.069637192704203
423,CM16,0.0734681277974996
424,CM17,0.082792473411508
425,CM18,0.0560385461401487
426,CM19,0.0556544440488905
427,CM20,0.0592356325112491
428,CM21,0.0690010298661174
429,CM22,0.0765330004680917
430,CM23,0.0504279091881612
431,CM24,0.0658160883771589
432,CM77,0.056404600598708
433,CO01,0.0496288264242222
434,CO02,0.0541520056298381
435,CO03,0.0456035520146064
436,CO04,0.0459056384099351
437,CO05,0.0490281404119524
438,CO06,0.0501031778786628
439,CO07,0.0504153944472059
440,CO08,0.0575890678379697
441,CO09,0.0502835899146847
442,CO10,0.0493719110378913
443,CO11,0.0498704663212435
444,CO12,0.0401053864168618
445,CO13,0.0416991426344505
446,CO14,0.0411597729115977
447,CO15,0.045093486496395
448,CO16,0.0505448986636422
449,CR00,0.039961910295518
450,CR01,0.0384615384615385
451,CR02,0.0450067228945117
452,CR03,0.0516939133270822
453,CR04,0.0400843466093845
454,CR05,0.0570008887452533
455,CR06,0.0511290511290511
456,CR07,0.0400621608807881
457,CR08,0.0517327796076185
458,CR09,0.0122448979591837
459,CT01,0.0351885677447083
460,CT02,0.0316815597075548
461,CT03,0.0367657127207997
462,CT04,0.0430279949221621
463,CT05,0.0384899254557532
464,CT06,0.0347307320219284
465,CT07,0.0545454545454545
466,CT08,0.0542582417582418
467,CT09,0.0437468160978095
468,CT10,0.0323140209149031
469,CT11,0.0321011230846178
470,CT12,0.032419666499678
471,CT13,0.0301388888888889
472,CT14,0.035412416205188
473,CT15,0.0342974836572043
474,CT16,0.0304898705874382
475,CT17,0.0320074996651935
476,CT18,0.0391879524086862
477,CT19,0.0347901092581944
478,CT20,0.0386621663086836
479,CT21,0.0347427766032417
480,CV01,0.0337644098542922
481,CV02,0.0444854360602291
482,CV03,0.0492109348898453
483,CV04,0.049302204251989
484,CV05,0.04567944157685
485,CV06,0.04764736257374
486,CV07,0.0649345215681352
487,CV08,0.0626220886551465
488,CV09,0.0537311710047902
489,CV10,0.0507226059694645
490,CV11,0.052959910693765
491,CV12,0.0562332887700535
492,CV13,0.0555793073963232
493,CV21,0.0588673886028759
494,CV22,0.062551867219917
495,CV23,0.0722600943890928
496,CV31,0.0460081190798376
497,CV32,0.0481428909392004
498,CV33,0.0569686411149826
499,CV34,0.0487621012537692
500,CV35,0.0544848703170029
501,CV36,0.0628474740149867
502,CV37,0.0639204545454545
503,CV47,0.0608665749656121
504,CW01,0.0442643809013594
505,CW02,0.0473129339161738
506,CW03,0.0622205187172608
507,CW04,0.0573405253283302
508,CW05,0.059592135791916
509,CW06,0.0782015395381386
510,CW07,0.059441276613201
511,CW08,0.0598469931243746
512,CW09,0.0578618662747979
513,CW10,0.055471787953337
514,CW11,0.0508227242993006
515,CW12,0.0531578947368421
516,DA01,0.0538777537016974
517,DA02,0.0653487386050456
518,DA03,0.0574236245738352
519,DA04,0.0731465410364493
520,DA05,0.0506864988558352
521,DA06,0.0505237215033888
522,DA07,0.0422076773394658
523,DA08,0.0540075021051826
524,DA09,0.0676024061873389
525,DA10,0.0522607163828538
526,DA11,0.04676396159046
527,DA12,0.0534461186966219
528,DA13,0.0557159578618806
529,DA14,0.0449746252114566
530,DA15,0.0482858728600094
531,DA16,0.0467977741679052
532,DA17,0.0563532722418645
533,DA18,0.0608626620799153
534,DD01,0.0479063165365507
535,DD02,0.0668519853117815
536,DD03,0.0664495372760853
537,DD04,0.0765738498789346
538,DD05,0.0726949669743907
539,DD06,0.0627491320560628
540,DD07,0.0704661143826729
541,DD08,0.087106320950572
542,DD09,0.0952434753135239
543,DD10,0.085471608458066
544,DD11,0.0725104582391691
545,DE01,0.0521413017178805
546,DE02,0.0192307692307692
547,DE03,0.0408105627338841
548,DE04,0.050985061701667
549,DE05,0.0517022504327755
550,DE06,0.0521617200280439
551,DE07,0.0670954892884056
552,DE11,0.0616537021031403
553,DE12,0.0686239830208702
554,DE13,0.0552376289133029
555,DE14,0.0556269943325237
556,DE15,0.052460304101442
557,DE19,1
558,DE21,0.0572123025147238
559,DE22,0.0477803314382485
560,DE23,0.0583157066260023
561,DE24,0.0674311926605505
562,DE40,1
563,DE45,0.0551675977653631
564,DE55,0.0601155467652111
565,DE56,0.0472620497922719
566,DE65,0.0527922043154682
567,DE72,0.0733768504487703
568,DE73,0.0604773853181496
569,DE74,0.0671238570241064
570,DE75,0.065055075035115
571,DG01,0.0754566744730679
572,DG02,0.0780588302621037
573,DG03,0.0664769787894465
574,DG04,0.0639665702346512
575,DG05,0.0789222699093944
576,DG06,0.0684410646387833
577,DG07,0.0824945727254786
578,DG08,0.077014335145823
579,DG09,0.0793019480519481
580,DG10,0.0667498440424205
581,DG11,0.0767203238256613
582,DG12,0.0839323467230444
583,DG13,0.064708386547467
584,DG14,0.0749128919860627
585,DG16,0.0830779707184202
586,DH01,0.0454150514637081
587,DH02,0.0522884396604533
588,DH03,0.0541512482409965
589,DH04,0.0712956971853769
590,DH05,0.0759307298604782
591,DH06,0.0581386138613861
592,DH07,0.0556296561371548
593,DH08,0.0551257927381699
594,DH09,0.0571383349161127
595,DL01,0.0436039360393604
596,DL02,0.0557590557590558
597,DL03,0.0406233797920034
598,DL04,0.0391621129326047
599,DL05,0.0372030686754783
600,DL06,0.0617542728152209
601,DL07,0.0631469979296066
602,DL08,0.068655598551991
603,DL09,0.0566409597257926
604,DL10,0.054382850003288
605,DL11,0.0548793980969241
606,DL12,0.0408879710893134
607,DL13,0.0519468786701599
608,DL14,0.0524189104801087
609,DL15,0.0721750290289067
610,DL16,0.0479305654511303
611,DL17,0.0479093395857757
612,DN00,0.5
613,DN01,0.0702917771883289
614,DN02,0.0634117647058823
615,DN03,0.0580995868667102
616,DN04,0.0689555608053128
617,DN05,0.0649425874816859
618,DN06,0.0644698477345305
619,DN07,0.0659920269855872
620,DN08,0.0592668993970168
621,DN09,0.0910238751147842
622,DN10,0.0961321817499061
623,DN11,0.0700910087196836
624,DN12,0.0681674864421743
625,DN14,0.0753808243727598
626,DN15,0.0687886207298589
627,DN16,0.0731004521677454
628,DN17,0.0759643703756914
629,DN18,0.0764585355332686
630,DN19,0.109466303077522
631,DN20,0.0691852526172053
632,DN21,0.0701622801036411
633,DN22,0.0833540152455238
634,DN31,0.0579198304785449
635,DN32,0.059502955988614
636,DN33,0.0647688326222284
637,DN34,0.0658307210031348
638,DN35,0.0663355363080333
639,DN36,0.0778646306732109
640,DN37,0.079455560725919
641,DN38,0.0798479087452472
642,DN39,0.0877648076091656
643,DN40,0.0664375715922108
644,DN41,0.0825014126954229
645,DT01,0.0478410832907512
646,DT02,0.0623219212156845
647,DT03,0.0592028433612592
648,DT04,0.0565898032578803
649,DT05,0.0586423031977053
650,DT06,0.066867140513942
651,DT07,0.0775395278319255
652,DT08,0.0754022097305679
653,DT09,0.0658156028368794
654,DT10,0.0623882376316312
655,DT11,0.066434114603747
656,DY01,0.0579716485824291
657,DY02,0.0512084333219061
658,DY03,0.0574895332609707
659,DY04,0.0591440493844191
660,DY05,0.053344055756601
661,DY06,0.0643155369992005
662,DY07,0.0964797913950456
663,DY08,0.0644577083971023
664,DY09,0.0681083875414638
665,DY10,0.086662416772914
666,DY11,0.0807908428720083
667,DY12,0.0865522860155277
668,DY13,0.0963550091663971
669,DY14,0.0867479786213512
670,E01,0.0314534106107891
671,E01W,0.0309739112358383
672,E02,0.0318410990423984
673,E03,0.0339372633856138
674,E04,0.0499454959865226
675,E05,0.0408293646184226
676,E06,0.0345993020404314
677,E07,0.0312464926260971
678,E08,0.0329378068739771
679,E09,0.038247268052282
680,E10,0.0379514440729983
681,E11,0.0353327671747195
682,E12,0.0338271967140971
683,E13,0.0309969358721821
684,E14,0.0342969730785326
685,E15,0.0327008984590674
686,E16,0.0429357081041847
687,E17,0.0360770156438026
688,E18,0.0474278544542033
689,E20,0.0342205323193916
690,EC01,0.0338983050847458
691,EC01A,0.0104790419161677
692,EC01M,0.0292207792207792
693,EC01N,0.0253776435045317
694,EC01R,0.0312849162011173
695,EC01V,0.0298524665744583
696,EC01Y,0.0275493421052632
697,EC02A,0.0344827586206897
698,EC02N,0.024390243902439
699,EC02Y,0.0246428571428571
700,EC03N,0.0218340611353712
701,EC03R,0.0119047619047619
702,EC04,0.0769230769230769
703,EC04A,0.00952380952380952
704,EC04M,0.00909090909090909
705,EC04P,0.05
706,EC04R,0.0422535211267606
707,EC04V,0.0261437908496732
708,EC04Y,0.0542986425339367
709,EC47,0.2
710,EH01,0.0360980986497658
711,EH02,0.0362087326943557
712,EH03,0.0511792452830189
713,EH04,0.0604725092117622
714,EH05,0.0632025307935653
715,EH06,0.0575333526682135
716,EH07,0.0496597467482126
717,EH08,0.0431695541039477
718,EH09,0.0412323218909767
719,EH10,0.0458826028464207
720,EH11,0.0552374808483187
721,EH12,0.0666195327313044
722,EH13,0.0626527840651879
723,EH14,0.0653743179584505
724,EH15,0.0589619641267014
725,EH16,0.0561415284303385
726,EH17,0.067325555472988
727,EH18,0.067338282078473
728,EH19,0.0636001769128704
729,EH20,0.0613207547169811
730,EH21,0.0585528139728306
731,EH22,0.0641242698721747
732,EH23,0.0768646513747532
733,EH24,0.0774853801169591
734,EH25,0.0605831124574025
735,EH26,0.0539677826441987
736,EH27,0.0823578595317726
737,EH28,0.0717488789237668
738,EH29,0.081115017579106
739,EH30,0.0727272727272727
740,EH31,0.0559179869524697
741,EH32,0.0664015904572565
742,EH33,0.0698278349523901
743,EH34,0.0609253321117728
744,EH35,0.0704477611940298
745,EH36,0.0507042253521127
746,EH37,0.0717391304347826
747,EH38,0.0904255319148936
748,EH39,0.0565206118745139
749,EH40,0.0515350877192982
750,EH41,0.0641226149515171
751,EH42,0.0541883577851396
752,EH43,0.0514018691588785
753,EH44,0.0517368810051737
754,EH45,0.0512065254333296
755,EH46,0.0741329939548202
756,EH47,0.0729012879906328
757,EH48,0.0726557284896181
758,EH49,0.0627065184740162
759,EH51,0.0686034935288261
760,EH52,0.0747333333333333
761,EH53,0.0749970612436817
762,EH54,0.0777993155766147
763,EH55,0.0804107424960506
764,EN01,0.0516037499652266
765,EN02,0.0472642993129708
766,EN03,0.0532479162361369
767,EN04,0.0527438609232445
768,EN05,0.0497347274363191
769,EN06,0.0657947046195436
770,EN07,0.0777628394729766
771,EN08,0.0644515059408676
772,EN09,0.0781935611102894
773,EN10,0.0776560266793711
774,EN11,0.0664333722157418
775,EX01,0.0419830281375614
776,EX02,0.0454251286634411
777,EX03,0.0535273803650715
778,EX04,0.0385029692031487
779,EX05,0.052922845476037
780,EX06,0.0466840154561943
781,EX07,0.0391935179951008
782,EX08,0.0431444854173651
783,EX09,0.040418118466899
784,EX10,0.0324238005970978
785,EX11,0.0364496382860323
786,EX12,0.0407274590163934
787,EX13,0.050353525702274
788,EX14,0.0465510423139936
789,EX15,0.0598371100892016
790,EX16,0.0502502813239688
791,EX17,0.0394119100568322
792,EX18,0.0350686912509038
793,EX19,0.0384005077753094
794,EX20,0.0450217939894471
795,EX21,0.0366424116424116
796,EX22,0.0306089913912212
797,EX23,0.0341749942787398
798,EX24,0.0443823711980137
799,EX31,0.0384540593096743
800,EX32,0.0390398600251517
801,EX33,0.0443430443430443
802,EX34,0.0379802095459837
803,EX35,0.040595399188092
804,EX36,0.0468236582694414
805,EX37,0.0389492753623188
806,EX38,0.0339083878643665
807,EX39,0.0395608678705989
808,FK01,0.0656661301013162
809,FK01O,1
810,FK02,0.0620458812964324
811,FK03,0.0622288955622289
812,FK04,0.0741970125939666
813,FK05,0.0596395695578893
814,FK06,0.0697944939899186
815,FK07,0.0670405522001726
816,FK08,0.0619561175158051
817,FK09,0.0640328373524885
818,FK10,0.0704011014891844
819,FK11,0.0708520179372197
820,FK12,0.063841059602649
821,FK13,0.0710757998711617
822,FK14,0.0751328105236529
823,FK15,0.0600265310634535
824,FK16,0.0800410466906106
825,FK17,0.0765423952490927
826,FK18,0.077319587628866
827,FK19,0.0695825049701789
828,FK20,0.0792349726775956
829,FK21,0.0799507995079951
830,FY00,0.142857142857143
831,FY01,0.061455038409399
832,FY02,0.0661180003336485
833,FY03,0.0645106382978723
834,FY04,0.0604393916116147
835,FY05,0.0717493888225596
836,FY06,0.0800599058622165
837,FY07,0.0745467491920907
838,FY08,0.0713556469192351
839,G01,0.0458229426433915
840,G02,0.0420289855072464
841,G03,0.0610490873648768
842,G04,0.0485421078351523
843,G05,0.0696767001114827
844,G11,0.0574345883854499
845,G12,0.0588930682428802
846,G13,0.0684791768306205
847,G14,0.064697265625
848,G15,0.0615765807102872
849,G18,0.5
850,G20,0.0586457693095677
851,G21,0.0599302338880311
852,G22,0.0615000462406363
853,G23,0.0640015375744763
854,G31,0.0629314389116011
855,G32,0.0779708017290596
856,G33,0.0796520320782928
857,G34,0.0549165120593692
858,G40,0.0800810263335584
859,G41,0.0702031877357343
860,G42,0.0605117912694431
861,G43,0.0770557791834388
862,G44,0.0659057437407953
863,G45,0.0695680844048797
864,G46,0.0703688853247795
865,G51,0.0639005253008844
866,G52,0.0625160528073149
867,G53,0.079703269214181
868,G60,0.0764582849174994
869,G61,0.0614631718646317
870,G62,0.0577383592017738
871,G63,0.0841778943603195
872,G64,0.061834278600083
873,G65,0.064484126984127
874,G66,0.0575878541980237
875,G67,0.050044286979628
876,G68,0.0687271518777002
877,G69,0.0747474747474747
878,G70,0.25
879,G71,0.0762531028175761
880,G72,0.0691166740185267
881,G73,0.0722151537752819
882,G74,0.0592109848748867
883,G75,0.0590949540226097
884,G76,0.0647351990799058
885,G77,0.0717764433306539
886,G78,0.0668994256109922
887,G81,0.0706130921491586
888,G82,0.0642266586005243
889,G83,0.064110859484525
890,G84,0.0565423496487521
891,GL01,0.0616357332245564
892,GL02,0.0666710892928221
893,GL03,0.0523719603838298
894,GL04,0.0560458605519264
895,GL05,0.043574535389482
896,GL06,0.0449521686635089
897,GL07,0.0423701473276696
898,GL08,0.0465979381443299
899,GL09,0.0877116804168476
900,GL10,0.0483856931511618
901,GL11,0.0533958154577256
902,GL12,0.083214342376646
903,GL13,0.0828202581926514
904,GL14,0.0546239010094432
905,GL15,0.0557330290929835
906,GL16,0.0510076689851971
907,GL17,0.0554248900705594
908,GL18,0.0622636019784696
909,GL19,0.0774611398963731
910,GL20,0.065961017167936
911,GL50,0.0538344026886648
912,GL51,0.0482536649148835
913,GL52,0.0514112342036408
914,GL53,0.0514609421586166
915,GL54,0.0589803237375206
916,GL55,0.0712021973378407
917,GL56,0.0713023725391217
918,GU01,0.0464131618210412
919,GU02,0.0414295279544694
920,GU03,0.0554352107128791
921,GU04,0.0480178671133445
922,GU05,0.0575569358178054
923,GU06,0.0430966313458801
924,GU07,0.0421989528795811
925,GU08,0.0547731845025634
926,GU09,0.0498124898092288
927,GU10,0.0566019274986547
928,GU11,0.0461637445713367
929,GU12,0.046940486169321
930,GU13,0.00149476831091181
931,GU14,0.0513087415696225
932,GU15,0.0589704499010672
933,GU16,0.0478231875774031
934,GU17,0.0582837059455238
935,GU18,0.0621672408393361
936,GU19,0.0713740458015267
937,GU20,0.075
938,GU21,0.0460523203557406
939,GU22,0.045936512118019
940,GU23,0.0595765632693255
941,GU24,0.05865663763526
942,GU25,0.0704902274911887
943,GU26,0.0603618671126653
944,GU27,0.0484081419624217
945,GU28,0.0699359622514324
946,GU29,0.0495190594941218
947,GU30,0.0559498462266383
948,GU31,0.0567586985528071
949,GU32,0.0646399353600646
950,GU33,0.0539195354624637
951,GU34,0.0600643817458815
952,GU35,0.0702578452928243
953,GU46,0.0672127382683916
954,GU47,0.0538165842943438
955,GU51,0.0521084337349398
956,GU52,0.0487771459889018
957,HA00,0.0329091796080982
958,HA01,0.0364985163204748
959,HA02,0.0358973315977872
960,HA03,0.0377900787736853
961,HA04,0.0483870967741935
962,HA05,0.0441628552148159
963,HA06,0.0568888039009466
964,HA07,0.0479362436065184
965,HA08,0.0455963715903242
966,HA09,0.0347582729816916
967,HD01,0.0612068965517241
968,HD02,0.0754752761579671
969,HD03,0.0687784768930354
970,HD04,0.0814733736258507
971,HD05,0.0655337611859351
972,HD06,0.0740177564134007
973,HD07,0.0796846166750545
974,HD08,0.0785902821666233
975,HD09,0.106395802311565
976,HG01,0.0665756356792265
977,HG02,0.0634872417982989
978,HG03,0.0792599461297302
979,HG04,0.0770811921891059
980,HG05,0.0681788383374853
981,HP01,0.0702318659689885
982,HP02,0.0706642183245742
983,HP03,0.0747732468107072
984,HP04,0.0690039763359519
985,HP05,0.0712159270629826
986,HP06,0.0672822159775191
987,HP07,0.0774482611478558
988,HP08,0.0829927695693178
989,HP09,0.0770604746108701
990,HP10,0.0838406679422508
991,HP11,0.0672537339204006
992,HP12,0.0694300518134715
993,HP13,0.0687655586469468
994,HP14,0.0799429904120238
995,HP15,0.0736557008851896
996,HP16,0.0779343611084839
997,HP17,0.0736948694869487
998,HP18,0.0818768486152191
999,HP19,0.0809776052866209
1000,HP20,0.0665004896287724
1001,HP21,0.0636397889977393
1002,HP22,0.0811969669615454
1003,HP23,0.0667280257708237
1004,HP27,0.0766856822220144
1005,HR01,0.065073852143048
1006,HR02,0.0591525707586669
1007,HR03,0.0584740462789243
1008,HR04,0.0636655948553055
1009,HR05,0.0578186596583443
1010,HR06,0.0601539942252166
1011,HR07,0.0734277816171389
1012,HR08,0.0666838311019567
1013,HR09,0.0689713417037329
1014,HS01,0.0585738539898132
1015,HS02,0.0671829803116544
1016,HS03,0.0414507772020725
1017,HS04,0.035
1018,HS05,0.0202020202020202
1019,HS06,0.0272727272727273
1020,HS07,0.0395371263259402
1021,HS08,0.0357624831309042
1022,HS09,0.0360934182590234
1023,HU01,0.0567269076305221
1024,HU02,0.0547445255474453
1025,HU03,0.0498088940120124
1026,HU04,0.0588444655356507
1027,HU05,0.0495822069304497
1028,HU06,0.0461136890951276
1029,HU07,0.0537938660682343
1030,HU08,0.0468556828484299
1031,HU09,0.0488942020322773
1032,HU10,0.0638256845352873
1033,HU11,0.0691620748622459
1034,HU12,0.0748296077403365
1035,HU13,0.0682965025230555
1036,HU14,0.0779506954964881
1037,HU15,0.0998821902371562
1038,HU16,0.0571024067956583
1039,HU17,0.0685727239239466
1040,HU18,0.0586950189338771
1041,HU19,0.07781262250098
1042,HU20,0.0554156171284635
1043,HX01,0.0695118662351672
1044,HX02,0.0766053727912656
1045,HX03,0.073117663899227
1046,HX04,0.0809543230016313
1047,HX05,0.061778135911899
1048,HX06,0.0689536405593442
1049,HX07,0.0786201738805272
1050,IG01,0.0405007777798602
1051,IG02,0.0416103284337244
1052,IG03,0.0428618205631958
1053,IG04,0.0455714810731349
1054,IG05,0.0537542662116041
1055,IG06,0.0467746866401712
1056,IG07,0.0680753854940034
1057,IG08,0.0555736742547779
1058,IG09,0.0622327358748067
1059,IG10,0.066013644852689
1060,IG11,0.0435104438944276
1061,IP01,0.0482100908102801
1062,IP02,0.0465974002608735
1063,IP03,0.0464363724617749
1064,IP04,0.0421725239616613
1065,IP05,0.0397258535347125
1066,IP06,0.0565393641988479
1067,IP07,0.0541274029400678
1068,IP08,0.0500163096661955
1069,IP09,0.0500471154852895
1070,IP10,0.0505215123859192
1071,IP11,0.0406824691768027
1072,IP12,0.050620588951083
1073,IP13,0.0588272225012557
1074,IP14,0.0506712457071495
1075,IP15,0.0598984771573604
1076,IP16,0.0427431610942249
1077,IP17,0.0555391141363323
1078,IP18,0.0531370038412292
1079,IP19,0.0572071538552647
1080,IP20,0.0616296296296296
1081,IP21,0.0657826041557899
1082,IP22,0.0619320640415405
1083,IP23,0.0731317010721716
1084,IP24,0.0487152829347988
1085,IP25,0.0601810267394459
1086,IP26,0.0507536993500207
1087,IP27,0.0506081994293437
1088,IP28,0.05606565786099
1089,IP29,0.0519066445606428
1090,IP30,0.0507283197831978
1091,IP31,0.0474987077135144
1092,IP32,0.0449576723925372
1093,IP33,0.0445697854456979
1094,IV01,0.0802163136547995
1095,IV02,0.0829537468440095
1096,IV03,0.0773029847541336
1097,IV04,0.0865259317174876
1098,IV05,0.0803802938634399
1099,IV06,0.0967741935483871
1100,IV07,0.0847216578626575
1101,IV08,0.0977542932628798
1102,IV09,0.0915354330708661
1103,IV10,0.0782871972318339
1104,IV11,0.0863013698630137
1105,IV12,0.0656401145000493
1106,IV13,0.113851992409867
1107,IV14,0.102621305075293
1108,IV15,0.0845360824742268
1109,IV16,0.0833333333333333
1110,IV17,0.0886449978894048
1111,IV18,0.0908076751450245
1112,IV19,0.0787318361955086
1113,IV20,0.0787495053423031
1114,IV21,0.074468085106383
1115,IV22,0.0493630573248408
1116,IV23,0.0935828877005348
1117,IV24,0.0819397993311037
1118,IV25,0.0767745050700145
1119,IV26,0.0603448275862069
1120,IV27,0.0610028744809965
1121,IV28,0.0931989924433249
1122,IV30,0.0616564532501222
1123,IV31,0.0621019108280255
1124,IV32,0.0615346287992028
1125,IV36,0.0516639515941354
1126,IV40,0.0713273500236183
1127,IV41,0.0852459016393443
1128,IV42,0.0746268656716418
1129,IV43,0.0609756097560976
1130,IV44,0.0582959641255605
1131,IV45,0.0564516129032258
1132,IV46,0.0684931506849315
1133,IV47,0.0497017892644135
1134,IV48,0.1
1135,IV49,0.0737179487179487
1136,IV51,0.0583237657864524
1137,IV52,0.0819672131147541
1138,IV53,0.0676691729323308
1139,IV54,0.0646258503401361
1140,IV55,0.0568807339449541
1141,IV56,0.0472972972972973
1142,IV63,0.0912863070539419
1143,KA01,0.0675245738164205
1144,KA02,0.0720900671872163
1145,KA03,0.0652902167224995
1146,KA04,0.0690537084398977
1147,KA05,0.0752334604761278
1148,KA06,0.07215411558669
1149,KA07,0.0565531203239152
1150,KA08,0.0647573587907717
1151,KA09,0.0591501503817383
1152,KA10,0.0573165102323434
1153,KA11,0.0686069367827024
1154,KA12,0.0644273127753304
1155,KA13,0.0605004751346215
1156,KA14,0.0805687203791469
1157,KA15,0.0560797578778707
1158,KA16,0.0764681030840727
1159,KA17,0.0610663360198388
1160,KA18,0.0636135673749505
1161,KA19,0.0647321428571429
1162,KA20,0.0644176706827309
1163,KA21,0.0664600550964187
1164,KA22,0.0698668007036944
1165,KA23,0.0639455782312925
1166,KA24,0.05495713343592
1167,KA25,0.0600918346975444
1168,KA26,0.0593156843156843
1169,KA27,0.0294408708560119
1170,KA28,0.0326441784548422
1171,KA29,0.0519276160503541
1172,KA30,0.042379514704238
1173,KT01,0.0394031914280777
1174,KT02,0.0396538217629724
1175,KT03,0.0391782130912566
1176,KT04,0.0493677328426575
1177,KT05,0.043400819331473
1178,KT06,0.044425688636538
1179,KT07,0.052368245496998
1180,KT08,0.0562425885143148
1181,KT09,0.0548655423883318
1182,KT10,0.0580268880980625
1183,KT11,0.0553482587064677
1184,KT12,0.0568458372141934
1185,KT13,0.0554953979426096
1186,KT14,0.0559899117276166
1187,KT15,0.063783472975193
1188,KT16,0.0748138732522244
1189,KT17,0.0639242950946311
1190,KT18,0.066356864621062
1191,KT19,0.0615230794867522
1192,KT20,0.0872861165258826
1193,KT21,0.0507155410494602
1194,KT22,0.0577424157826168
1195,KT23,0.0489517711453062
1196,KT24,0.0594569288389513
1197,KW01,0.0661611838082426
1198,KW02,0.0625
1199,KW03,0.0734265734265734
1200,KW05,0.0653846153846154
1201,KW06,0.0736842105263158
1202,KW07,0.0561797752808989
1203,KW08,0.0948012232415902
1204,KW09,0.0722543352601156
1205,KW10,0.0706686930091185
1206,KW11,0.0319148936170213
1207,KW12,0.0630961115187087
1208,KW13,0.0941176470588235
1209,KW14,0.0646237231603085
1210,KW15,0.03763357596407
1211,KW16,0.0346938775510204
1212,KW17,0.0390697674418605
1213,KY01,0.0745078355919915
1214,KY02,0.0637579419736082
1215,KY03,0.0604613233923579
1216,KY04,0.0728052723203183
1217,KY05,0.0755587087619723
1218,KY06,0.0662603642548367
1219,KY07,0.0700187292897277
1220,KY08,0.0693317422434368
1221,KY09,0.0580605311920939
1222,KY10,0.0533827363798545
1223,KY11,0.071298569372725
1224,KY12,0.0637480294272202
1225,KY13,0.0712589073634204
1226,KY14,0.0809090909090909
1227,KY15,0.0782065248552262
1228,KY16,0.058050760024761
1229,L01,0.0668180343820954
1230,L02,0.0609480812641084
1231,L03,0.0885813148788927
1232,L04,0.0709306095979248
1233,L05,0.070384957438699
1234,L06,0.0636913419582026
1235,L07,0.0551014229488344
1236,L08,0.064162339726608
1237,L09,0.0710209562173308
1238,L10,0.0730286738351254
1239,L11,0.0708788983394087
1240,L12,0.0777432068035677
1241,L13,0.0677966101694915
1242,L14,0.0649009521724855
1243,L15,0.0670804623882467
1244,L16,0.0688901957489708
1245,L17,0.0847913021744564
1246,L18,0.0722946347377993
1247,L19,0.0826274848746759
1248,L20,0.0672100741897696
1249,L21,0.0579244253047856
1250,L22,0.0655785485281259
1251,L23,0.0650751333010179
1252,L24,0.0760579489134579
1253,L25,0.0766914352757137
1254,L26,0.0766228256257955
1255,L27,0.0783677254811036
1256,L28,0.070262246412667
1257,L29,0.0789473684210526
1258,L30,0.0580863039399625
1259,L31,0.0636300841087319
1260,L32,0.0747382011189213
1261,L33,0.0833192496197397
1262,L34,0.0715189873417722
1263,L35,0.0535191877473757
1264,L36,0.0618184343960547
1265,L37,0.055781085551045
1266,L38,0.0647359454855196
1267,L39,0.0754205349756411
1268,L40,0.0662829798241076
1269,L41,0.0164609053497942
1270,L42,0.0119521912350598
1271,L43,0.0278688524590164
1272,L44,0.0276497695852535
1273,L45,0.0229885057471264
1274,L46,0.0241545893719807
1275,L47,0.0173913043478261
1276,L48,0.0258064516129032
1277,L60,0.0425531914893617
1278,L61,0.0261437908496732
1279,L62,0.0324074074074074
1280,L63,0.018957345971564
1281,L64,0.0182370820668693
1282,L65,0.0246913580246914
1283,L66,0.0232558139534884
1284,LA01,0.0598102288416909
1285,LA02,0.0708893083157544
1286,LA03,0.0769033974621367
1287,LA04,0.0582063584119787
1288,LA05,0.0560382916053019
1289,LA06,0.0714846818538885
1290,LA07,0.0492827394724665
1291,LA08,0.0485140970281941
1292,LA09,0.0391833367704681
1293,LA10,0.0463777928232905
1294,LA11,0.0529214559386973
1295,LA12,0.045172454946891
1296,LA13,0.0438442887931034
1297,LA14,0.0448315998948673
1298,LA15,0.0448281587248879
1299,LA16,0.0481360839667029
1300,LA17,0.0362745098039216
1301,LA18,0.0443293965377771
1302,LA19,0.0363636363636364
1303,LA20,0.0427906976744186
1304,LA21,0.0425287356321839
1305,LA22,0.0390547263681592
1306,LA23,0.0503057254030017
1307,LD01,0.0437093275488069
1308,LD02,0.0534183336997142
1309,LD03,0.056108484697686
1310,LD04,0.0636363636363636
1311,LD05,0.0530386740331492
1312,LD06,0.041016495764601
1313,LD07,0.0513823682837767
1314,LD08,0.0469496021220159
1315,LE01,0.0425215581326197
1316,LE02,0.0528808599804099
1317,LE03,0.0550918894818241
1318,LE04,0.043540532798625
1319,LE05,0.0485742784313105
1320,LE06,0.0525433753943218
1321,LE07,0.0593756428718371
1322,LE08,0.0557984728839
1323,LE09,0.0539298200181277
1324,LE10,0.050034574730811
1325,LE11,0.0469995081160846
1326,LE12,0.0681390797098668
1327,LE13,0.0468524052829461
1328,LE14,0.0711187064545813
1329,LE15,0.0748504106738024
1330,LE16,0.0677471414346049
1331,LE17,0.0682459733215254
1332,LE18,0.05049655614288
1333,LE19,0.0565235514797832
1334,LE65,0.0648411473145364
1335,LE67,0.0635527517576839
1336,LL01,0.0333333333333333
1337,LL11,0.0701174484844223
1338,LL12,0.069616861659373
1339,LL13,0.0726745390511705
1340,LL14,0.0657343828504438
1341,LL15,0.08125
1342,LL16,0.0727868852459016
1343,LL17,0.0747189772977739
1344,LL18,0.0685361278219807
1345,LL19,0.0687327203754903
1346,LL20,0.0652305825242718
1347,LL21,0.0766672824681323
1348,LL22,0.0657154616545479
1349,LL23,0.0877082678403018
1350,LL24,0.0688468158347676
1351,LL25,0.0489690721649485
1352,LL26,0.0523358959195742
1353,LL27,0.0967741935483871
1354,LL28,0.0653039073806078
1355,LL29,0.06156691769058
1356,LL30,0.0622507477567298
1357,LL31,0.0748909976917158
1358,LL32,0.0748299319727891
1359,LL33,0.0542661000326904
1360,LL34,0.079374624173181
1361,LL35,0.0472972972972973
1362,LL36,0.0457325953976114
1363,LL37,0.0452586206896552
1364,LL38,0.0612244897959184
1365,LL39,0.0483870967741935
1366,LL40,0.0534115467736956
1367,LL41,0.0571679859278804
1368,LL42,0.0589970501474926
1369,LL43,0.0444964871194379
1370,LL44,0.0705289672544081
1371,LL45,0.064453125
1372,LL46,0.0468085106382979
1373,LL47,0.0668103448275862
1374,LL48,0.0512953367875648
1375,LL49,0.0537668021256643
1376,LL51,0.0546762589928058
1377,LL52,0.0618800188946623
1378,LL53,0.057311785573512
1379,LL54,0.0663288807001382
1380,LL55,0.0579497641208721
1381,LL56,0.0736126840317101
1382,LL57,0.0548099762470309
1383,LL58,0.0673455978975033
1384,LL59,0.0542774179137816
1385,LL60,0.0657523194836628
1386,LL61,0.0577156743620899
1387,LL62,0.0494915254237288
1388,LL63,0.0678571428571429
1389,LL64,0.0652503793626707
1390,LL65,0.0541281835992163
1391,LL66,0.0657276995305164
1392,LL67,0.0545950864422202
1393,LL68,0.0569022185702547
1394,LL69,0.0383211678832117
1395,LL70,0.0395256916996047
1396,LL71,0.0575016523463318
1397,LL72,0.0889261744966443
1398,LL73,0.0591133004926108
1399,LL74,0.0642822619623006
1400,LL75,0.0692746536267319
1401,LL76,0.107296137339056
1402,LL77,0.0563943969437875
1403,LL78,0.0714285714285714
1404,LN01,0.0612584401604854
1405,LN02,0.0549690193499256
1406,LN03,0.0550354251012146
1407,LN04,0.0578852422698357
1408,LN05,0.0565709312445605
1409,LN06,0.0542328914682671
1410,LN07,0.0773234200743494
1411,LN08,0.0670802372349853
1412,LN09,0.0559738955823293
1413,LN10,0.0608695652173913
1414,LN11,0.0570869565217391
1415,LN12,0.0513228565744977
1416,LN13,0.056342271768605
1417,LS01,0.055005500550055
1418,LS02,0.0298850574712644
1419,LS03,0.0320284697508897
1420,LS04,0.0499617151607963
1421,LS05,0.0610459705937093
1422,LS06,0.0497348430557546
1423,LS07,0.0587561999236932
1424,LS08,0.0626955648055117
1425,LS09,0.0555655135328912
1426,LS10,0.0625557395846605
1427,LS11,0.0601580660158066
1428,LS12,0.0650928594884519
1429,LS13,0.0676541232986389
1430,LS14,0.0716596168201045
1431,LS15,0.0549659664788114
1432,LS16,0.0664268501379527
1433,LS17,0.0769084177284112
1434,LS18,0.0619599952657119
1435,LS19,0.0702895378650491
1436,LS20,0.0648174625869793
1437,LS21,0.0556044700304775
1438,LS22,0.0762579202385389
1439,LS23,0.0766593527153044
1440,LS24,0.0719836400817996
1441,LS25,0.0591012200355588
1442,LS26,0.0667345035190367
1443,LS27,0.061767524139456
1444,LS28,0.0695928011911698
1445,LS29,0.0670279836301294
1446,LU01,0.0584690849633622
1447,LU02,0.0625824573349789
1448,LU03,0.0628277677590531
1449,LU04,0.068423310870498
1450,LU05,0.0774647887323944
1451,LU06,0.0837922470575532
1452,LU07,0.0722914189146899
1453,M01,0.0371732817037754
1454,M02,0.0666666666666667
1455,M03,0.0575893503110982
1456,M04,0.0569774527726996
1457,M05,0.0472900651941228
1458,M06,0.0428193516567278
1459,M07,0.052581664910432
1460,M08,0.0483629999573142
1461,M09,0.0560576635793248
1462,M10,0.0034965034965035
1463,M11,0.0500250842112807
1464,M12,0.0390914328038845
1465,M13,0.0413922859830668
1466,M14,0.0375572860389731
1467,M15,0.042993762993763
1468,M16,0.0500287963140718
1469,M17,0.12
1470,M18,0.0513509880360263
1471,M19,0.0482921983647895
1472,M20,0.0559895463454819
1473,M21,0.0563108499254451
1474,M22,0.0453996202313137
1475,M23,0.0461228415701003
1476,M24,0.0474273967049831
1477,M25,0.0467335856508145
1478,M26,0.0503092157681071
1479,M27,0.051969906949119
1480,M28,0.057523235367998
1481,M29,0.0553248854138582
1482,M30,0.0506319476168722
1483,M31,0.0494048589597261
1484,M32,0.0537024221453287
1485,M33,0.0484656301145663
1486,M34,0.0489388123729962
1487,M35,0.0506900385898358
1488,M38,0.0526197183098592
1489,M39,0.5
1490,M40,0.0568009319730293
1491,M41,0.0461312644160201
1492,M43,0.0472130386868511
1493,M44,0.0475194060074249
1494,M45,0.0506150547342286
1495,M46,0.0487975569410867
1496,M50,0.0620220900594732
1497,M70,0.125
1498,M73,1
1499,ME01,0.0567685589519651
1500,ME02,0.0540910647038685
1501,ME03,0.053568429890848
1502,ME04,0.0555225788776768
1503,ME05,0.0503588545268128
1504,ME06,0.0435140538633424
1505,ME07,0.0462403447007514
1506,ME08,0.0439631565845158
1507,ME09,0.0495934089450032
1508,ME10,0.0413995582610569
1509,ME11,0.0400916380297824
1510,ME12,0.0404540064374047
1511,ME13,0.0388818641618497
1512,ME14,0.0521886821585733
1513,ME15,0.055473031808636
1514,ME16,0.0475689243350472
1515,ME17,0.0605242096838736
1516,ME18,0.0590132215414382
1517,ME19,0.0575679512118185
1518,ME20,0.0480120902115787
1519,MK00,1
1520,MK01,0.0562700964630225
1521,MK02,0.0602914230869907
1522,MK03,0.0572148073533115
1523,MK04,0.0559640752175133
1524,MK05,0.0509946321439848
1525,MK06,0.0508893280632411
1526,MK07,0.0468047527296082
1527,MK08,0.0498906777976545
1528,MK09,0.0477590007347539
1529,MK10,0.0662650602409639
1530,MK11,0.0527736131934033
1531,MK12,0.0551122657264799
1532,MK13,0.0467133586069524
1533,MK14,0.0543780403057679
1534,MK15,0.0551020408163265
1535,MK16,0.0555449634572609
1536,MK17,0.0900945744151319
1537,MK18,0.0705941017238923
1538,MK19,0.0614459019627182
1539,MK40,0.0634546636334092
1540,MK41,0.0557573981834164
1541,MK42,0.0638348932085433
1542,MK43,0.0628684995031467
1543,MK44,0.0675779880827199
1544,MK45,0.0654251472259531
1545,MK46,0.0616933402168302
1546,ML01,0.0716111237632531
1547,ML02,0.0706753340556157
1548,ML03,0.0608648113919767
1549,ML04,0.062789664148308
1550,ML05,0.0644071997273769
1551,ML06,0.0676381359725469
1552,ML07,0.0774481252275209
1553,ML08,0.0688067359557953
1554,ML09,0.0659565985077177
1555,ML10,0.0642743583920054
1556,ML11,0.0689604033812843
1557,ML12,0.0678634570923433
1558,N00,0.333333333333333
1559,N01,0.032071091431822
1560,N01C,0.0417690417690418
1561,N02,0.037195796460177
1562,N03,0.0334644180594419
1563,N04,0.0310105060143125
1564,N05,0.0323233399009532
1565,N06,0.0366680669747344
1566,N07,0.0304649446494465
1567,N08,0.0337692638300485
1568,N09,0.0471981571435725
1569,N10,0.0379282938890851
1570,N11,0.0370864676858368
1571,N12,0.0331012319228709
1572,N13,0.0401697414320135
1573,N14,0.0420505820346567
1574,N15,0.0347576261161029
1575,N16,0.0371548296980767
1576,N17,0.0388414564110418
1577,N18,0.0459810874704492
1578,N19,0.0282439316751573
1579,N20,0.0456951004381722
1580,N21,0.0507944389275075
1581,N22,0.0316627871105253
1582,NE01,0.0446096654275093
1583,NE02,0.0578006762196104
1584,NE03,0.0637165910237015
1585,NE04,0.0600357621814931
1586,NE05,0.0637575531053386
1587,NE06,0.05966653850187
1588,NE07,0.0635571054925894
1589,NE08,0.0569204701895584
1590,NE09,0.0539861144361982
1591,NE10,0.0498557158712542
1592,NE11,0.0545712260807938
1593,NE12,0.0673126359501681
1594,NE13,0.0743391143290116
1595,NE15,0.0627056913423143
1596,NE16,0.0539629005059022
1597,NE17,0.0662901307966706
1598,NE18,0.103404791929382
1599,NE19,0.0753093060785369
1600,NE20,0.0763875997772415
1601,NE21,0.0647796198948645
1602,NE22,0.0587607651855804
1603,NE23,0.0622961956521739
1604,NE24,0.0527697655498854
1605,NE25,0.0530555438404116
1606,NE26,0.0549407629214946
1607,NE27,0.0596701334173758
1608,NE28,0.0530106218553718
1609,NE29,0.0509382247522665
1610,NE30,0.0498180964675508
1611,NE31,0.0530243237425558
1612,NE32,0.0473827248020796
1613,NE33,0.0511257829693584
1614,NE34,0.0429888568357939
1615,NE35,0.0540126831401706
1616,NE36,0.0597291782600631
1617,NE37,0.046923132029515
1618,NE38,0.050240600277302
1619,NE39,0.0667680608365019
1620,NE40,0.0585593366730005
1621,NE41,0.0836630864895421
1622,NE42,0.0577852490018912
1623,NE43,0.072083879423329
1624,NE44,0.0870032223415682
1625,NE45,0.0754172015404365
1626,NE46,0.0597137687119592
1627,NE47,0.0601424026662627
1628,NE48,0.0671456203371097
1629,NE49,0.0596469872185027
1630,NE61,0.0630144432365274
1631,NE62,0.0620343839541547
1632,NE63,0.0490262269540379
1633,NE64,0.0554228380315337
1634,NE65,0.0627351798161742
1635,NE66,0.0550425361739257
1636,NE67,0.057356608478803
1637,NE68,0.0530503978779841
1638,NE69,0.0616883116883117
1639,NE70,0.0514705882352941
1640,NE71,0.056873977086743
1641,NG01,0.0443611987381703
1642,NG02,0.0775225995602248
1643,NG03,0.0785528031290743
1644,NG04,0.0723457357722242
1645,NG05,0.0675252294661272
1646,NG06,0.0679461199189415
1647,NG07,0.0609377425865549
1648,NG08,0.0814364024900121
1649,NG09,0.0678969359331476
1650,NG10,0.0642141204978522
1651,NG11,0.0898830819164239
1652,NG12,0.0932035993854708
1653,NG13,0.0751816657350475
1654,NG14,0.0788721661268813
1655,NG15,0.0720121309649069
1656,NG16,0.075700670382037
1657,NG17,0.0676077545642763
1658,NG18,0.0962330878297265
1659,NG19,0.0813467114886192
1660,NG20,0.0725686316237497
1661,NG21,0.0841793087715296
1662,NG22,0.084794784684602
1663,NG23,0.0766441928507823
1664,NG24,0.075284008996021
1665,NG25,0.0591560948703806
1666,NG31,0.0509884316883878
1667,NG32,0.0648148148148148
1668,NG33,0.0663545933294324
1669,NG34,0.0528471197566925
1670,NN01,0.057136563876652
1671,NN02,0.0616094026280207
1672,NN03,0.0622010380974997
1673,NN04,0.0645285736330436
1674,NN05,0.0627846972254961
1675,NN06,0.0814575219486435
1676,NN07,0.0680228607969306
1677,NN08,0.059091733374783
1678,NN09,0.0691144708423326
1679,NN10,0.0580895693414393
1680,NN11,0.0729687006006955
1681,NN12,0.0688293773486182
1682,NN13,0.0629514963880289
1683,NN14,0.0778836495914434
1684,NN15,0.0621982103663684
1685,NN16,0.0537523072074911
1686,NN17,0.0643734872463228
1687,NN18,0.0635115526286416
1688,NN29,0.0687375380417672
1689,NP01,0.0227272727272727
1690,NP02,0.0368098159509202
1691,NP03,0.035031847133758
1692,NP04,0.0649577198273313
1693,NP05,0.00675675675675676
1694,NP06,0.0303030303030303
1695,NP07,0.0593291600485845
1696,NP08,0.0594382756368387
1697,NP09,0.0151515151515152
1698,NP10,0.085246932997798
1699,NP11,0.0592825443786982
1700,NP12,0.0643362903882152
1701,NP13,0.0578253586774452
1702,NP15,0.0799759470835839
1703,NP16,0.0783353101954515
1704,NP18,0.0781416494991831
1705,NP19,0.0638612928411814
1706,NP20,0.069584208780272
1707,NP22,0.0586873097790128
1708,NP23,0.0661866160745084
1709,NP24,0.053391959798995
1710,NP25,0.071337882875734
1711,NP26,0.0760280950083106
1712,NP44,0.06250888314051
1713,NR01,0.0695086549833351
1714,NR02,0.0633712857539572
1715,NR03,0.063983178131571
1716,NR04,0.0593402543153756
1717,NR05,0.0622101628021707
1718,NR06,0.0676358387462625
1719,NR07,0.065282131661442
1720,NR08,0.0790256175663312
1721,NR09,0.0702279686968357
1722,NR10,0.0822010515904003
1723,NR11,0.0649721263604991
1724,NR12,0.0663898054386165
1725,NR13,0.0731298517995766
1726,NR14,0.0701439720781424
1727,NR15,0.073290517567057
1728,NR16,0.0642502575629859
1729,NR17,0.0601458536952109
1730,NR18,0.0577308196947725
1731,NR19,0.0596603652675425
1732,NR20,0.0674305033809166
1733,NR21,0.0593018795550441
1734,NR22,0.0727272727272727
1735,NR23,0.0583126550868486
1736,NR24,0.0644541963795941
1737,NR25,0.0545350172215844
1738,NR26,0.0534659620764688
1739,NR27,0.0522119919155625
1740,NR28,0.0546047269763651
1741,NR29,0.0695404636030907
1742,NR30,0.0632744658015416
1743,NR31,0.0648473385571467
1744,NR32,0.0562517212889011
1745,NR33,0.052760249760481
1746,NR34,0.0527216517610688
1747,NR35,0.0640557583803518
1748,NW01,0.0293101394018825
1749,NW02,0.0327782141082563
1750,NW03,0.0279760756318734
1751,NW04,0.0413133504239795
1752,NW05,0.0296588999409547
1753,NW06,0.026134825376771
1754,NW07,0.0538051179461532
1755,NW08,0.0266540209961736
1756,NW09,0.0404753617423301
1757,NW10,0.0380749501107969
1758,NW11,0.0357921511627907
1759,NW12,0.125
1760,OL01,0.0507205022114424
1761,OL01O,1
1762,OL02,0.0454345365362847
1763,OL03,0.0628341210196018
1764,OL04,0.0590143084260731
1765,OL05,0.0600069775555297
1766,OL06,0.0423471882640587
1767,OL07,0.0479492600422833
1768,OL08,0.0499862025466157
1769,OL09,0.0470296151799965
1770,OL10,0.0515688553166763
1771,OL11,0.0532347504621072
1772,OL12,0.0542095788945613
1773,OL13,0.0861004505256132
1774,OL14,0.0765432098765432
1775,OL15,0.0538158795345654
1776,OL16,0.0488689149892368
1777,OX01,0.0490015578529953
1778,OX02,0.0580242612358661
1779,OX03,0.0533451596553472
1780,OX04,0.0563409903488888
1781,OX05,0.0614329418730879
1782,OX06,0.0126050420168067
1783,OX07,0.0711640080991654
1784,OX08,0.0228690228690229
1785,OX09,0.078024453024453
1786,OX10,0.0981068688427839
1787,OX11,0.0639777933848366
1788,OX12,0.0617052419723722
1789,OX13,0.0819262577532736
1790,OX14,0.0627062706270627
1791,OX15,0.065373605187825
1792,OX16,0.0494652406417112
1793,OX17,0.0629956799277839
1794,OX18,0.0611619307123394
1795,OX20,0.101377018043685
1796,OX25,0.0799467827769715
1797,OX26,0.0571974379143724
1798,OX27,0.0745606831992117
1799,OX28,0.0611924444649702
1800,OX29,0.0684106614017769
1801,OX33,0.0760330578512397
1802,OX39,0.0997639653815893
1803,OX44,0.0885702235343737
1804,OX49,0.131443994601889
1805,PA01,0.0526998961578401
1806,PA02,0.0616449923999324
1807,PA03,0.0645101204520055
1808,PA04,0.0677405119152692
1809,PA05,0.0613611486704011
1810,PA06,0.0662544169611307
1811,PA07,0.0700325732899023
1812,PA08,0.0628413005124758
1813,PA09,0.0684385382059801
1814,PA10,0.0644152595372108
1815,PA11,0.0811148086522463
1816,PA12,0.0575822603719599
1817,PA13,0.0751633986928105
1818,PA14,0.0597527472527473
1819,PA15,0.0538496583143508
1820,PA16,0.0555924800607672
1821,PA17,0.0488934637159032
1822,PA18,0.0668161434977578
1823,PA19,0.0565995774491271
1824,PA20,0.0364310645724258
1825,PA21,0.0561959654178674
1826,PA22,0.0671378091872792
1827,PA23,0.0513774381660969
1828,PA24,0.0722610722610723
1829,PA25,0.0625
1830,PA26,0.0573770491803279
1831,PA27,0.0719874804381847
1832,PA28,0.056203605514316
1833,PA29,0.0638977635782748
1834,PA30,0.0722269991401548
1835,PA31,0.0657210401891253
1836,PA32,0.0671273445212241
1837,PA33,0.103109656301146
1838,PA34,0.0695836773204387
1839,PA35,0.0578859060402685
1840,PA36,0.0588235294117647
1841,PA37,0.0728712871287129
1842,PA38,0.0720606826801517
1843,PA39,0.133333333333333
1844,PA40,0.0714285714285714
1845,PA41,0.0538461538461538
1846,PA42,0.0170454545454545
1847,PA43,0.0257186081694402
1848,PA44,0.0340425531914894
1849,PA45,0.0158730158730159
1850,PA46,0.03125
1851,PA47,0.0454545454545455
1852,PA48,0.033210332103321
1853,PA49,0.0121212121212121
1854,PA60,0.0160427807486631
1855,PA61,0.0441176470588235
1856,PA62,0.0384615384615385
1857,PA64,0.027027027027027
1858,PA65,0.0378378378378378
1859,PA66,0.0377358490566038
1860,PA67,0.0506329113924051
1861,PA69,0.166666666666667
1862,PA70,0.0338983050847458
1863,PA72,0.0606060606060606
1864,PA73,0.0363636363636364
1865,PA74,0.0263157894736842
1866,PA75,0.0340999206978588
1867,PA76,0.0381679389312977
1868,PA77,0.0336879432624113
1869,PA78,0.0338983050847458
1870,PA80,0.0410958904109589
1871,PA82,0.0681818181818182
1872,PA86,0.0307692307692308
1873,PA87,0.0176470588235294
1874,PE01,0.0664129344426742
1875,PE02,0.0654718262050238
1876,PE03,0.0553263232619016
1877,PE04,0.0574888578760185
1878,PE05,0.0761762509335325
1879,PE06,0.0664889396680313
1880,PE07,0.0744091791300377
1881,PE08,0.064821656478807
1882,PE09,0.0650344879860532
1883,PE10,0.0589131005513258
1884,PE11,0.0758104590629437
1885,PE12,0.0764352571724748
1886,PE13,0.0674128154764111
1887,PE14,0.0678520781062507
1888,PE15,0.0545228180139956
1889,PE16,0.0574606116774791
1890,PE17,0.0160183066361556
1891,PE18,0.0182767624020888
1892,PE19,0.0539470830622425
1893,PE20,0.077359769530588
1894,PE21,0.0705987785448752
1895,PE22,0.0812222143814833
1896,PE23,0.0675974564556262
1897,PE24,0.06719934439664
1898,PE25,0.0704794916233391
1899,PE26,0.0566077003121748
1900,PE27,0.0491872620702157
1901,PE28,0.0576209110977323
1902,PE29,0.0561439727134009
1903,PE30,0.0476294108503031
1904,PE31,0.0536489875818193
1905,PE32,0.0577838205302515
1906,PE33,0.0523646012174184
1907,PE34,0.0580831703376137
1908,PE35,0.051948051948052
1909,PE36,0.0554655870445344
1910,PE37,0.0596580997790441
1911,PE38,0.0473040857334226
1912,PH01,0.0575297164072006
1913,PH02,0.0618781320357324
1914,PH03,0.0713079376993807
1915,PH04,0.0670241286863271
1916,PH05,0.0608575380359613
1917,PH06,0.0572093023255814
1918,PH07,0.0515139060145225
1919,PH08,0.0642775881683731
1920,PH09,0.0764331210191083
1921,PH10,0.0601580135440181
1922,PH11,0.0740872031194612
1923,PH12,0.0741876149601472
1924,PH13,0.0738552437223043
1925,PH14,0.0901001112347052
1926,PH15,0.0494747543205693
1927,PH16,0.0484018264840183
1928,PH17,0.0551724137931034
1929,PH18,0.0588235294117647
1930,PH19,0.0810810810810811
1931,PH20,0.0776772247360483
1932,PH21,0.0715859030837004
1933,PH22,0.0766983199415632
1934,PH23,0.0832157968970381
1935,PH24,0.0944625407166124
1936,PH25,0.0789133247089263
1937,PH26,0.084396467124632
1938,PH30,0.25
1939,PH31,0.102970297029703
1940,PH32,0.0709677419354839
1941,PH33,0.0791088149822409
1942,PH34,0.0697928026172301
1943,PH35,0.111111111111111
1944,PH36,0.0653173873045078
1945,PH37,0.0875912408759124
1946,PH38,0.0748663101604278
1947,PH39,0.131147540983607
1948,PH40,0.082089552238806
1949,PH41,0.0770171149144254
1950,PH42,0.0657894736842105
1951,PH44,0.0555555555555556
1952,PH49,0.0791527313266444
1953,PH50,0.0590909090909091
1954,PL01,0.0687417301997354
1955,PL02,0.0729043812519111
1956,PL03,0.0640053617056926
1957,PL04,0.0552159950274526
1958,PL05,0.0745042217980654
1959,PL06,0.0680987202925046
1960,PL07,0.0589100449179155
1961,PL08,0.0478824876001526
1962,PL09,0.0515270431666951
1963,PL10,0.0491746905089409
1964,PL11,0.0483422211917459
1965,PL12,0.0545454545454545
1966,PL13,0.0514615573569148
1967,PL14,0.0499062304646801
1968,PL15,0.0390158596152686
1969,PL16,0.0486392588303416
1970,PL17,0.045947219604147
1971,PL18,0.0403719664322976
1972,PL19,0.0523337008452775
1973,PL20,0.0528591078797406
1974,PL21,0.0502589297570044
1975,PL22,0.0453803460659484
1976,PL23,0.0445672191528545
1977,PL24,0.041596334699783
1978,PL25,0.0427852766847637
1979,PL26,0.0400899887514061
1980,PL27,0.0440226572592666
1981,PL28,0.0478372959037525
1982,PL29,0.0542929292929293
1983,PL30,0.0424502364456175
1984,PL31,0.0421006178287732
1985,PL32,0.0409038901601831
1986,PL33,0.0340694006309148
1987,PL34,0.0409121395036888
1988,PL35,0.0484061393152302
1989,PO01,0.0452787529005771
1990,PO02,0.0506957923479291
1991,PO03,0.0523593640252857
1992,PO04,0.0481915224375583
1993,PO05,0.0455184040460804
1994,PO06,0.0497492163009404
1995,PO07,0.0531263600754389
1996,PO08,0.0529678829662014
1997,PO09,0.049400956320851
1998,PO10,0.0480374551051821
1999,PO11,0.0519785816899569
2000,PO12,0.044398397568725
2001,PO13,0.0504783899703068
2002,PO14,0.0488138030194105
2003,PO15,0.0476552323056882
2004,PO16,0.0476117924887636
2005,PO17,0.0674707219017654
2006,PO18,0.0536005213424568
2007,PO19,0.039417777964747
2008,PO20,0.0522776342335327
2009,PO21,0.048937663497735
2010,PO22,0.0480993329582898
2011,PO30,0.0268241772882711
2012,PO31,0.0245450698264917
2013,PO32,0.0294073063513718
2014,PO33,0.0308259339922935
2015,PO34,0.0270410816432657
2016,PO35,0.027592768791627
2017,PO36,0.0268989760048907
2018,PO37,0.0297627211630778
2019,PO38,0.02808199943836
2020,PO39,0.030952380952381
2021,PO40,0.0285101822079314
2022,PO41,0.0361858190709046
2023,PR01,0.0554875650159535
2024,PR02,0.0637540840589131
2025,PR03,0.0930002778892766
2026,PR04,0.0721499281494491
2027,PR05,0.0533612919379069
2028,PR06,0.0639762736998199
2029,PR07,0.0583865916112922
2030,PR08,0.0582190975569611
2031,PR09,0.0556423976432393
2032,PR25,0.0475954387704512
2033,PR26,0.061907366885485
2034,RG01,0.041710459145371
2035,RG02,0.0566100677185842
2036,RG03,0.0178571428571429
2037,RG04,0.0586016999880283
2038,RG05,0.0497616345062429
2039,RG06,0.0506014770858193
2040,RG07,0.075608036658442
2041,RG08,0.083759778836539
2042,RG09,0.0999229138562343
2043,RG10,0.0701495292597379
2044,RG11,0.004
2045,RG12,0.0593113629455951
2046,RG13,0.0222222222222222
2047,RG14,0.0557401137162205
2048,RG15,0.0103626943005181
2049,RG16,0.0285714285714286
2050,RG17,0.0782481075235594
2051,RG18,0.0646546200179418
2052,RG19,0.0589827610770765
2053,RG20,0.0692458487084871
2054,RG21,0.0414493293591654
2055,RG22,0.0448946804712603
2056,RG23,0.0469850458273034
2057,RG24,0.0500625782227785
2058,RG25,0.0605039752054979
2059,RG26,0.05565988523735
2060,RG27,0.0678053297664369
2061,RG28,0.049131723845828
2062,RG29,0.0589507842076798
2063,RG30,0.0547941404949506
2064,RG31,0.0551329999579779
2065,RG40,0.0667947332612959
2066,RG41,0.0571951316522154
2067,RG42,0.0699146952774602
2068,RG45,0.0614211496564438
2069,RH01,0.0539546290619252
2070,RH02,0.0590992647058824
2071,RH03,0.0560311284046693
2072,RH04,0.0515628564909879
2073,RH05,0.0613127830730751
2074,RH06,0.0564449764345029
2075,RH07,0.0569156207282217
2076,RH08,0.0482173945954129
2077,RH09,0.0704373423044575
2078,RH10,0.0495493073849076
2079,RH11,0.0464881139621624
2080,RH12,0.0460299777192627
2081,RH13,0.0487616815223761
2082,RH14,0.0551363466567053
2083,RH15,0.036256097092599
2084,RH16,0.0380287951848432
2085,RH17,0.045790962151754
2086,RH18,0.048292902066487
2087,RH19,0.0481673640167364
2088,RH20,0.064184288037983
2089,RM01,0.0526252768963659
2090,RM02,0.0557128504886291
2091,RM03,0.0573058037756565
2092,RM04,0.0997798972853998
2093,RM05,0.053696
2094,RM06,0.0513005780346821
2095,RM07,0.0535443312378062
2096,RM08,0.0508160703075957
2097,RM09,0.0483368772782503
2098,RM10,0.0510823747945988
2099,RM11,0.0539856286533378
2100,RM12,0.0431530494821634
2101,RM13,0.0525026399155227
2102,RM14,0.0461797553625244
2103,RM15,0.0600688012701773
2104,RM16,0.0663429438543247
2105,RM17,0.0585579295256715
2106,RM18,0.0576608824216014
2107,RM19,0.0831513828238719
2108,RM20,0.0731452455590387
2109,S01,0.030808729139923
2110,S02,0.048117934490041
2111,S03,0.0469772814786292
2112,S04,0.0648148148148148
2113,S05,0.0542202347680268
2114,S06,0.049093160463253
2115,S07,0.0560626806633196
2116,S08,0.051403874448259
2117,S09,0.061212976022567
2118,S10,0.0434782608695652
2119,S11,0.048801870251315
2120,S12,0.0532067645181876
2121,S13,0.0544295365876867
2122,S14,0.0517142309902318
2123,S17,0.0751018525636098
2124,S18,0.0544662309368192
2125,S19,0.0583333333333333
2126,S20,0.060425345319009
2127,S21,0.065285304430985
2128,S25,0.0644726359012073
2129,S26,0.0676507380535402
2130,S30,0.0301507537688442
2131,S31,0.0295566502463054
2132,S32,0.056630109670987
2133,S33,0.0569897710667316
2134,S35,0.0664809540204701
2135,S36,0.0675315282737423
2136,S40,0.0471897180126607
2137,S41,0.0504832291074474
2138,S42,0.0529427694529698
2139,S43,0.0560177855627042
2140,S44,0.0564884553648599
2141,S45,0.0626918886798059
2142,S60,0.0564468826553497
2143,S61,0.0537917087967644
2144,S62,0.0505896054738681
2145,S63,0.0639549044851943
2146,S64,0.0611128833796655
2147,S65,0.053818739567826
2148,S66,0.0603460896553743
2149,S70,0.0604069441851783
2150,S71,0.0601608741842465
2151,S72,0.0590478265606275
2152,S73,0.0615963855421687
2153,S74,0.0585143932857479
2154,S75,0.0574065934065934
2155,S80,0.0661137662824478
2156,S81,0.0876341513432224
2157,SA01,0.0700655834953696
2158,SA02,0.0671106557377049
2159,SA03,0.0847198489072758
2160,SA04,0.0678356257815164
2161,SA05,0.0681890012642225
2162,SA06,0.0570685310137387
2163,SA07,0.0705489994869164
2164,SA08,0.0717511289513297
2165,SA09,0.074080352602136
2166,SA10,0.0656881205066758
2167,SA11,0.0617876658860265
2168,SA12,0.0590965214799676
2169,SA13,0.0676798522832185
2170,SA14,0.074304595051483
2171,SA15,0.0648549897236812
2172,SA16,0.0577335375191424
2173,SA17,0.056351612014329
2174,SA18,0.0716463414634146
2175,SA19,0.0721611268997899
2176,SA20,0.0559673832468495
2177,SA31,0.0588571428571429
2178,SA32,0.0691620455945779
2179,SA33,0.0649891211805884
2180,SA34,0.0618070299598962
2181,SA35,0.0499306518723994
2182,SA36,0.0493421052631579
2183,SA37,0.0523206751054852
2184,SA38,0.0665950590762621
2185,SA39,0.0900814566363201
2186,SA40,0.0698576972833118
2187,SA41,0.0562645011600928
2188,SA42,0.0597014925373134
2189,SA43,0.0630375293197811
2190,SA44,0.0757318625371235
2191,SA45,0.063125481139338
2192,SA46,0.0842418235877106
2193,SA47,0.0724971231300345
2194,SA48,0.0745545260156807
2195,SA61,0.050914952119086
2196,SA62,0.0501790045039843
2197,SA63,0.0493358633776091
2198,SA64,0.0564102564102564
2199,SA65,0.0411746896760521
2200,SA66,0.0485692771084337
2201,SA67,0.0580425531914894
2202,SA68,0.0554704259883543
2203,SA69,0.0590938936309915
2204,SA70,0.0556545579163811
2205,SA71,0.0662385539303128
2206,SA72,0.05890823406205
2207,SA73,0.0541480703596745
2208,SE01,0.0304934472443995
2209,SE02,0.0472936957891166
2210,SE03,0.0370466417219279
2211,SE04,0.0348154735437972
2212,SE05,0.0321022413602738
2213,SE06,0.0420102842728243
2214,SE07,0.0379731527391462
2215,SE08,0.0327914025902452
2216,SE09,0.049179658803363
2217,SE10,0.0347344699196551
2218,SE11,0.0315210239846881
2219,SE12,0.0444918265813788
2220,SE13,0.0330034024126199
2221,SE14,0.0314202591906903
2222,SE15,0.0317008616743945
2223,SE16,0.0330183243056356
2224,SE17,0.0259661346512193
2225,SE18,0.039616116202663
2226,SE19,0.0346823363082089
2227,SE20,0.0326255253262553
2228,SE21,0.030731553167957
2229,SE22,0.0308425275827482
2230,SE23,0.0330075674031258
2231,SE24,0.0359662944440639
2232,SE25,0.0383650053782718
2233,SE26,0.031386147417089
2234,SE27,0.0364393850487032
2235,SE28,0.0512845323915042
2236,SG01,0.0641506675762596
2237,SG02,0.0574056547971135
2238,SG03,0.0640329218106996
2239,SG04,0.0518052738336714
2240,SG05,0.0545554942020983
2241,SG06,0.0443871064243512
2242,SG07,0.0515399679544241
2243,SG08,0.0476641800171212
2244,SG09,0.0651480136458677
2245,SG10,0.0678759508484494
2246,SG11,0.0673940063527137
2247,SG12,0.0608656813383141
2248,SG13,0.076326731975474
2249,SG14,0.0571376303433136
2250,SG15,0.0549045138888889
2251,SG16,0.0674307545367717
2252,SG17,0.0549490538573508
2253,SG18,0.0592756224400571
2254,SG19,0.061622615935715
2255,SK01,0.0399752475247525
2256,SK02,0.039291382490456
2257,SK03,0.0419140934283452
2258,SK04,0.0480739493488196
2259,SK05,0.0394091017393376
2260,SK06,0.0407854622272367
2261,SK07,0.0481251424663779
2262,SK08,0.0529550080025292
2263,SK09,0.0718834484830279
2264,SK10,0.0564379657393938
2265,SK11,0.0521529639306437
2266,SK12,0.0483861485096126
2267,SK13,0.0433997078496194
2268,SK14,0.0497866287339972
2269,SK15,0.0513305289029636
2270,SK16,0.0457807818270504
2271,SK17,0.0457377917158799
2272,SK22,0.043055972764594
2273,SK23,0.0430915609487038
2274,SL00,0.118908188585608
2275,SL01,0.0704908134218925
2276,SL02,0.0788879701432498
2277,SL03,0.0929734142981068
2278,SL04,0.0773488013197456
2279,SL05,0.0833517284005121
2280,SL06,0.0743933910987443
2281,SL07,0.0837827735355369
2282,SL08,0.0872988103568929
2283,SL09,0.0761744800671837
2284,SM01,0.0479784366576819
2285,SM02,0.0510945872969717
2286,SM03,0.0523706405288352
2287,SM04,0.0447947865582727
2288,SM05,0.0477777777777778
2289,SM06,0.046496857868699
2290,SM07,0.076567285455341
2291,SN01,0.0386479591836735
2292,SN02,0.039055058106306
2293,SN03,0.0367349919665027
2294,SN04,0.0415601550259751
2295,SN05,0.0397751082553429
2296,SN06,0.0431523717742799
2297,SN07,0.0605958875367184
2298,SN08,0.0587862230461508
2299,SN09,0.0487315465099613
2300,SN10,0.04301872074883
2301,SN11,0.0417096616520936
2302,SN12,0.0456855136733186
2303,SN13,0.0473420703872773
2304,SN14,0.0508437431514355
2305,SN15,0.0423541418608607
2306,SN16,0.0472148978246539
2307,SN25,0.0446172455503715
2308,SN26,0.0394121576486306
2309,SO00,1
2310,SO01,0.00738916256157635
2311,SO02,0.0127226463104326
2312,SO03,0.0173913043478261
2313,SO04,0.0201005025125628
2314,SO05,0.0338461538461538
2315,SO14,0.0615520171187614
2316,SO15,0.0561260128527522
2317,SO16,0.0565055310182746
2318,SO17,0.0518622875759444
2319,SO18,0.0594875470345816
2320,SO19,0.0570448361528451
2321,SO20,0.0668337510442774
2322,SO21,0.0680183897206177
2323,SO22,0.0462651970291878
2324,SO23,0.0529100529100529
2325,SO24,0.0858877388535032
2326,SO30,0.0581626156323733
2327,SO31,0.0549519431675721
2328,SO32,0.0685277762174914
2329,SO40,0.0686081093018462
2330,SO41,0.0805226263441847
2331,SO42,0.100554785020804
2332,SO43,0.103671147880041
2333,SO45,0.0555882047913714
2334,SO50,0.0552464016266253
2335,SO51,0.0635600130463144
2336,SO52,0.0612634501909059
2337,SO53,0.051193139448173
2338,SP01,0.0407229198450886
2339,SP02,0.0430905077262693
2340,SP03,0.0563007931068246
2341,SP04,0.0481786564158887
2342,SP05,0.0611993849308047
2343,SP06,0.0862207896857373
2344,SP07,0.0741587716432538
2345,SP08,0.08162403984131
2346,SP09,0.0548273431994362
2347,SP10,0.0498535611985453
2348,SP11,0.0614948790586184
2349,SR01,0.0630011454753723
2350,SR02,0.0801340782122905
2351,SR03,0.0718918122190287
2352,SR04,0.0643671310437309
2353,SR05,0.0584151083132753
2354,SR06,0.0632728861699803
2355,SR07,0.065905726156932
2356,SR08,0.0575595727198028
2357,SS00,0.0507474177198948
2358,SS01,0.0542524104187653
2359,SS02,0.0466327023911346
2360,SS03,0.0496037826715118
2361,SS04,0.0448891292590589
2362,SS05,0.0409523297683667
2363,SS06,0.0435767488289949
2364,SS07,0.0535422081047262
2365,SS08,0.0547189406724653
2366,SS09,0.0504497843499692
2367,SS11,0.0580960021393234
2368,SS12,0.061182689131153
2369,SS13,0.0604645930592272
2370,SS14,0.0565329817979009
2371,SS15,0.0597051697942759
2372,SS16,0.0529564925247774
2373,SS17,0.0504093222214028
2374,SS50,1
2375,ST00,1
2376,ST01,0.0503624753948821
2377,ST02,0.0504179953460312
2378,ST03,0.0504385512331029
2379,ST04,0.0526033004989126
2380,ST05,0.0528009434756971
2381,ST06,0.0558853175047598
2382,ST07,0.0541541471595276
2383,ST08,0.0543532338308458
2384,ST09,0.0677966101694915
2385,ST10,0.054946675185531
2386,ST11,0.0654952076677316
2387,ST12,0.0829752066115702
2388,ST13,0.0620539438316804
2389,ST14,0.04896841569027
2390,ST15,0.075751503006012
2391,ST16,0.0529007229765473
2392,ST17,0.0559519463710882
2393,ST18,0.0698310313398303
2394,ST19,0.0652086191590671
2395,ST20,0.0514730782255334
2396,ST21,0.0767712650483521
2397,SW01,0.00452488687782805
2398,SW01A,0.0237203495630462
2399,SW01E,0.0259009009009009
2400,SW01H,0.0332278481012658
2401,SW01P,0.0325782092772384
2402,SW01V,0.0325511432009627
2403,SW01W,0.0416854101064627
2404,SW01X,0.0331701153056389
2405,SW01Y,0.0250737463126844
2406,SW02,0.0345847231093133
2407,SW03,0.0448891031822565
2408,SW04,0.0353002836354668
2409,SW05,0.0236825261361212
2410,SW06,0.0394858374384236
2411,SW07,0.0271151281671359
2412,SW08,0.0338101884159107
2413,SW09,0.0311503416856492
2414,SW10,0.042906962261801
2415,SW11,0.0382878425304521
2416,SW12,0.0329147336426172
2417,SW13,0.0518627245404348
2418,SW14,0.0502049868942805
2419,SW15,0.0400542320356382
2420,SW16,0.036379468107087
2421,SW17,0.0307051085959009
2422,SW18,0.0408853009907491
2423,SW19,0.0320186929122708
2424,SW20,0.0331397714243444
2425,SY01,0.0505763838404819
2426,SY02,0.0484186746987952
2427,SY03,0.0526196928635953
2428,SY04,0.05632009403007
2429,SY05,0.0622716894977169
2430,SY06,0.054911838790932
2431,SY07,0.0557528791303412
2432,SY08,0.0530153724871896
2433,SY09,0.0606731620903454
2434,SY10,0.0520769700671961
2435,SY11,0.0528520949015649
2436,SY12,0.0483532934131737
2437,SY13,0.0634422110552764
2438,SY14,0.0832735104091888
2439,SY15,0.0615350683722982
2440,SY16,0.0516467065868263
2441,SY17,0.057843137254902
2442,SY18,0.0518700518700519
2443,SY19,0.061271676300578
2444,SY20,0.0506140677335318
2445,SY21,0.0546387154326494
2446,SY22,0.0595784922993785
2447,SY23,0.052603641382239
2448,SY24,0.0519303969548668
2449,SY25,0.0537634408602151
2450,TA01,0.0660433070866142
2451,TA02,0.0789813454432127
2452,TA03,0.100273058252427
2453,TA04,0.0760685824680029
2454,TA05,0.0898651495996629
2455,TA06,0.0694008958566629
2456,TA07,0.0860183700247849
2457,TA08,0.0785294117647059
2458,TA09,0.102287767063717
2459,TA10,0.123263480103603
2460,TA11,0.117173749057078
2461,TA12,0.119110441010177
2462,TA13,0.0939955106621773
2463,TA14,0.102824858757062
2464,TA15,0.0857142857142857
2465,TA16,0.0819462227912932
2466,TA17,0.108208955223881
2467,TA18,0.0852794237248751
2468,TA19,0.0975855130784708
2469,TA20,0.0727660872217139
2470,TA21,0.0655150753768844
2471,TA22,0.0549356223175966
2472,TA23,0.0704595185995624
2473,TA24,0.0697816356978164
2474,TD01,0.0506433273488929
2475,TD02,0.0842945874001775
2476,TD03,0.0738569753810082
2477,TD04,0.0722698072805139
2478,TD05,0.057051282051282
2479,TD06,0.0633663366336634
2480,TD07,0.0464643038833305
2481,TD08,0.0627403359643797
2482,TD09,0.0496858525312342
2483,TD10,0.0787234042553192
2484,TD11,0.0697971570036735
2485,TD12,0.0605720695457095
2486,TD13,0.085439229843562
2487,TD14,0.0639112903225806
2488,TD15,0.0492017416545718
2489,TF01,0.053286886942126
2490,TF02,0.0502580820429231
2491,TF03,0.0552052218165726
2492,TF04,0.0573591597326422
2493,TF05,0.0469967904630903
2494,TF06,0.0600803892532261
2495,TF07,0.0580909529165997
2496,TF08,0.0929961089494163
2497,TF09,0.0561830432885743
2498,TF10,0.0488554834301332
2499,TF11,0.066433973240256
2500,TF12,0.079794680354643
2501,TF13,0.0625601539942252
2502,TN01,0.0379286849875085
2503,TN02,0.0402329274748544
2504,TN03,0.0487971169767215
2505,TN04,0.0383314078230731
2506,TN05,0.0442972200571577
2507,TN06,0.0459120363987316
2508,TN07,0.0499319110304131
2509,TN08,0.0455112219451372
2510,TN09,0.0327637339358848
2511,TN10,0.0300302571860817
2512,TN11,0.0438874083944037
2513,TN12,0.0422892585283338
2514,TN13,0.0390349819059107
2515,TN14,0.0474806201550388
2516,TN15,0.0610631859446276
2517,TN16,0.0475824565551484
2518,TN17,0.0409342039176293
2519,TN18,0.0544454628780935
2520,TN19,0.0522470666371486
2521,TN20,0.0478848413631022
2522,TN21,0.0492707097494591
2523,TN22,0.0452584383723881
2524,TN23,0.0365043182328956
2525,TN24,0.0348763974177295
2526,TN25,0.0413223140495868
2527,TN26,0.0397705173084403
2528,TN27,0.0540424803014731
2529,TN28,0.0393328700486449
2530,TN29,0.0362096919473969
2531,TN30,0.0395846059865608
2532,TN31,0.0440513932921742
2533,TN32,0.041529334212261
2534,TN33,0.0392948953360264
2535,TN34,0.0343942277898278
2536,TN35,0.0358526449249842
2537,TN36,0.0486512524084778
2538,TN37,0.0370764119601329
2539,TN38,0.038347805679418
2540,TN39,0.0336460998957445
2541,TN40,0.0336476801207092
2542,TQ01,0.0484645494532101
2543,TQ02,0.0467469167712872
2544,TQ03,0.0478688253758467
2545,TQ04,0.0445279653459039
2546,TQ05,0.0453807699798741
2547,TQ06,0.0477544910179641
2548,TQ07,0.0421791397401153
2549,TQ08,0.0408035153797866
2550,TQ09,0.0494634579973332
2551,TQ10,0.0617500731635938
2552,TQ11,0.0455832389580974
2553,TQ12,0.0430348036145656
2554,TQ13,0.0436071949440933
2555,TQ14,0.0402944111776447
2556,TR01,0.0461924086894247
2557,TR02,0.0422732036799814
2558,TR03,0.037847318379027
2559,TR04,0.0480989921165552
2560,TR05,0.0499857183661811
2561,TR06,0.0576683291770574
2562,TR07,0.0502063662577034
2563,TR08,0.0501539250897896
2564,TR09,0.0477974228348816
2565,TR10,0.0424853278897678
2566,TR11,0.0422243251768735
2567,TR12,0.0415973377703827
2568,TR13,0.0355148130160272
2569,TR14,0.0350458994776082
2570,TR15,0.0356297575641272
2571,TR16,0.0395407193369326
2572,TR17,0.0347277032359905
2573,TR18,0.0342184505885574
2574,TR19,0.0365611339250232
2575,TR20,0.0360393603936039
2576,TR21,0.0278219395866455
2577,TR23,0.0571428571428571
2578,TR24,0.0555555555555556
2579,TR25,0.0198019801980198
2580,TR26,0.0370003303600925
2581,TR27,0.0385815137087506
2582,TS01,0.0394784498370156
2583,TS02,0.0762987012987013
2584,TS03,0.0459138450629321
2585,TS04,0.0527883053600433
2586,TS05,0.0523202757968027
2587,TS06,0.0553815489749431
2588,TS07,0.0545133524608254
2589,TS08,0.0621331335081803
2590,TS09,0.0524504031162243
2591,TS10,0.0515490565341014
2592,TS11,0.0508420379450011
2593,TS12,0.0508974964572508
2594,TS13,0.0482883384358475
2595,TS14,0.0542646642108246
2596,TS15,0.0622460447825711
2597,TS16,0.0564120532585844
2598,TS17,0.0643494457295641
2599,TS18,0.0595503689720268
2600,TS19,0.0502988434370876
2601,TS20,0.0480065650003419
2602,TS21,0.0554472812317287
2603,TS22,0.0669494895930001
2604,TS23,0.0542526137326928
2605,TS24,0.0525007312079555
2606,TS25,0.04953653319323
2607,TS26,0.0567303012276242
2608,TS27,0.0644614079728583
2609,TS28,0.0566437268395977
2610,TS29,0.0659064994298746
2611,TW01,0.0466943243004678
2612,TW02,0.0421608416407266
2613,TW03,0.0366305354322131
2614,TW04,0.0430215883105306
2615,TW05,0.0476224628846016
2616,TW07,0.0492382014121145
2617,TW08,0.0518146541885414
2618,TW09,0.0471196381529897
2619,TW10,0.0422710788757933
2620,TW11,0.0433156133097066
2621,TW12,0.0461005373374178
2622,TW13,0.052129094745581
2623,TW14,0.0539826349565874
2624,TW15,0.0724747156825717
2625,TW16,0.0652320865254619
2626,TW17,0.075810863618601
2627,TW18,0.0593632193305173
2628,TW19,0.0875809061488673
2629,TW20,0.0654682763388821
2630,UB01,0.0338427661415052
2631,UB02,0.037341075182701
2632,UB03,0.0495010259279985
2633,UB04,0.0521492537313433
2634,UB05,0.0472573396062764
2635,UB06,0.0414622980838402
2636,UB07,0.0610946453270105
2637,UB08,0.056477630504917
2638,UB09,0.0973217066334475
2639,UB10,0.0602454570111201
2640,UNKNOWN,0.000165993470923477
2641,W01,0.005
2642,W01B,0.0363349131121643
2643,W01C,0.027027027027027
2644,W01D,0.0309734513274336
2645,W01F,0.031434184675835
2646,W01G,0.0472711645896003
2647,W01H,0.0313884785819793
2648,W01J,0.0383693045563549
2649,W01K,0.0299844236760125
2650,W01M,0.00680272108843537
2651,W01P,0.00334448160535117
2652,W01S,0.0218181818181818
2653,W01T,0.0275750202757502
2654,W01U,0.0327827827827828
2655,W01W,0.0270058708414873
2656,W02,0.025988481827421
2657,W03,0.0384846538039086
2658,W04,0.0472030612758673
2659,W05,0.0426197207230361
2660,W06,0.0355643188374046
2661,W07,0.0371427406531577
2662,W08,0.0341586659929257
2663,W09,0.0288883157080217
2664,W10,0.0387321191276479
2665,W11,0.037390552778926
2666,W12,0.0336784827513339
2667,W13,0.0387379915681802
2668,W14,0.0316130860543468
2669,W15,0.105263157894737
2670,W16,0.1
2671,W17,0.0238095238095238
2672,W26,0.5
2673,WA01,0.053687450131084
2674,WA02,0.0517612491031467
2675,WA03,0.0580316438723518
2676,WA04,0.065919147224457
2677,WA05,0.0604381872709097
2678,WA06,0.0633495145631068
2679,WA07,0.0632570369412475
2680,WA08,0.0690731500159253
2681,WA09,0.0514181311988864
2682,WA10,0.0559790123019109
2683,WA11,0.0556067783677233
2684,WA12,0.0558093806026256
2685,WA13,0.0740473180422612
2686,WA14,0.0688399935285552
2687,WA15,0.061604307607345
2688,WA16,0.0793497660508417
2689,WC01A,0.0319634703196347
2690,WC01B,0.0166512488436633
2691,WC01E,0.0196540880503145
2692,WC01H,0.0185705031310732
2693,WC01N,0.0233183856502242
2694,WC01R,0.032258064516129
2695,WC01V,0.0133333333333333
2696,WC01X,0.0282924885435346
2697,WC02A,0.028735632183908
2698,WC02B,0.01806684733514
2699,WC02E,0.0286343612334802
2700,WC02H,0.0262191924488726
2701,WC02N,0.0297029702970297
2702,WC02R,0.0134529147982063
2703,WD01,0.0192307692307692
2704,WD02,0.0139130434782609
2705,WD03,0.0787301587301587
2706,WD04,0.0815267175572519
2707,WD05,0.0683416046319272
2708,WD06,0.0702382806416446
2709,WD07,0.0861043052152608
2710,WD17,0.0583774005009741
2711,WD18,0.0531888328422314
2712,WD19,0.0618728364225932
2713,WD23,0.076946847960445
2714,WD24,0.0610797743755036
2715,WD25,0.0718504767530166
2716,WF01,0.062070081735049
2717,WF02,0.0642843739109455
2718,WF03,0.0632065196980509
2719,WF04,0.0779846144811792
2720,WF05,0.0649390243902439
2721,WF06,0.0589526497334588
2722,WF07,0.0687293938625412
2723,WF08,0.0670892762810354
2724,WF09,0.0590896239751202
2725,WF10,0.0642321874628286
2726,WF11,0.0614127356582248
2727,WF12,0.0792393680650085
2728,WF13,0.0750115313653136
2729,WF14,0.0713463751438435
2730,WF15,0.0791479820627803
2731,WF16,0.0780470420527441
2732,WF17,0.0668118111307661
2733,WN01,0.0413604870879698
2734,WN02,0.0433786914494182
2735,WN03,0.0451006828165094
2736,WN04,0.0490397335887961
2737,WN05,0.044243053588848
2738,WN06,0.0453104486214736
2739,WN07,0.0564822169270144
2740,WN08,0.0585647271349902
2741,WR01,0.073945696129405
2742,WR02,0.0647138666316389
2743,WR03,0.068199279002423
2744,WR04,0.0649303389478062
2745,WR05,0.0746672947827111
2746,WR06,0.0918685121107266
2747,WR07,0.0700435298773249
2748,WR08,0.113317594778503
2749,WR09,0.0647934011717545
2750,WR10,0.0948586605957124
2751,WR11,0.0789876234181616
2752,WR12,0.0696802210817213
2753,WR13,0.0727200739078791
2754,WR14,0.0581200242761772
2755,WR15,0.0790115428385628
2756,WS01,0.0486111111111111
2757,WS02,0.0485071607735254
2758,WS03,0.0466360193136149
2759,WS04,0.0458922192887094
2760,WS05,0.0523154543816445
2761,WS06,0.0657960110724679
2762,WS07,0.0679296232226488
2763,WS08,0.0553261056616761
2764,WS09,0.0575743048897411
2765,WS10,0.0475499677627337
2766,WS11,0.0715082759903292
2767,WS12,0.0786483475677683
2768,WS13,0.0625962541606637
2769,WS14,0.059653147985694
2770,WS15,0.0684752793202649
2771,WV01,0.0453530154413907
2772,WV02,0.0468089019679971
2773,WV03,0.058390202015637
2774,WV04,0.0597792528558197
2775,WV05,0.0742629482071713
2776,WV06,0.0649690691986765
2777,WV07,0.0498676979442296
2778,WV08,0.0567703605908078
2779,WV09,0.0551277563878194
2780,WV10,0.0561478867837693
2781,WV11,0.0538663067640521
2782,WV12,0.0455175354439825
2783,WV13,0.0463464140730717
2784,WV14,0.0550658763551488
2785,WV15,0.0761486103233125
2786,WV16,0.0661006245175777
2787,YO01,0.0483817150483817
2788,YO02,0.0213675213675214
2789,YO03,0.0230769230769231
2790,YO04,0.0338345864661654
2791,YO05,0.0222222222222222
2792,YO06,0.0297397769516729
2793,YO07,0.084927500913854
2794,YO08,0.072706338285265
2795,YO10,0.0426878451324688
2796,YO11,0.0663821112314455
2797,YO12,0.0581731762760901
2798,YO13,0.0791259344450834
2799,YO14,0.0645446507515473
2800,YO15,0.0729846400963759
2801,YO16,0.0717609064535552
2802,YO17,0.0718244542472571
2803,YO18,0.0562899786780384
2804,YO19,0.068638604474782
2805,YO21,0.0532649088656875
2806,YO22,0.0638422205989774
2807,YO23,0.0575804575416828
2808,YO24,0.0550087873462214
2809,YO25,0.07620296506757
2810,YO26,0.061909040345698
2811,YO30,0.0528868242380928
2812,YO31,0.044818070318888
2813,YO32,0.0520524392864818
2814,YO41,0.0682730923694779
2815,YO42,0.0716325365097495
2816,YO43,0.0912521772788852
2817,YO51,0.100233595243151
2818,YO60,0.0677633194205745
2819,YO61,0.0642731609339694
2820,YO62,0.0612759943468605
2821,ZE01,0.0386151797603196
2822,ZE02,0.0304062686312921
2823,ZE03,0.0507042253521127
